CREATE DATABASE  IF NOT EXISTS `hotel_management` /*!40100 DEFAULT CHARACTER SET utf8mb4 COLLATE utf8mb4_0900_ai_ci */ /*!80016 DEFAULT ENCRYPTION='N' */;
USE `hotel_management`;
-- MySQL dump 10.13  Distrib 8.0.42, for Win64 (x86_64)
--
-- Host: 127.0.0.1    Database: hotel_management
-- ------------------------------------------------------
-- Server version	9.3.0

/*!40101 SET @OLD_CHARACTER_SET_CLIENT=@@CHARACTER_SET_CLIENT */;
/*!40101 SET @OLD_CHARACTER_SET_RESULTS=@@CHARACTER_SET_RESULTS */;
/*!40101 SET @OLD_COLLATION_CONNECTION=@@COLLATION_CONNECTION */;
/*!50503 SET NAMES utf8 */;
/*!40103 SET @OLD_TIME_ZONE=@@TIME_ZONE */;
/*!40103 SET TIME_ZONE='+00:00' */;
/*!40014 SET @OLD_UNIQUE_CHECKS=@@UNIQUE_CHECKS, UNIQUE_CHECKS=0 */;
/*!40014 SET @OLD_FOREIGN_KEY_CHECKS=@@FOREIGN_KEY_CHECKS, FOREIGN_KEY_CHECKS=0 */;
/*!40101 SET @OLD_SQL_MODE=@@SQL_MODE, SQL_MODE='NO_AUTO_VALUE_ON_ZERO' */;
/*!40111 SET @OLD_SQL_NOTES=@@SQL_NOTES, SQL_NOTES=0 */;

--
-- Table structure for table `bills`
--

DROP TABLE IF EXISTS `bills`;
/*!40101 SET @saved_cs_client     = @@character_set_client */;
/*!50503 SET character_set_client = utf8mb4 */;
CREATE TABLE `bills` (
  `id` bigint NOT NULL AUTO_INCREMENT,
  `check_in_date` datetime(6) DEFAULT NULL,
  `check_out_date` datetime(6) DEFAULT NULL,
  `email` varchar(255) DEFAULT NULL,
  `phone_number` varchar(255) DEFAULT NULL,
  `total_cost` double NOT NULL,
  `username` varchar(255) DEFAULT NULL,
  `room_id` bigint DEFAULT NULL,
  `user_id` bigint DEFAULT NULL,
  PRIMARY KEY (`id`),
  KEY `FK8s4psg8ktsl6d0skeh8inl4ms` (`room_id`),
  KEY `FKk8vs7ac9xknv5xp18pdiehpp1` (`user_id`),
  CONSTRAINT `FK8s4psg8ktsl6d0skeh8inl4ms` FOREIGN KEY (`room_id`) REFERENCES `rooms` (`id`),
  CONSTRAINT `FKk8vs7ac9xknv5xp18pdiehpp1` FOREIGN KEY (`user_id`) REFERENCES `users` (`id`),
  CONSTRAINT `bills_chk_1` CHECK ((`total_cost` >= 0))
) ENGINE=InnoDB AUTO_INCREMENT=13 DEFAULT CHARSET=utf8mb4 COLLATE=utf8mb4_0900_ai_ci;
/*!40101 SET character_set_client = @saved_cs_client */;

--
-- Dumping data for table `bills`
--

LOCK TABLES `bills` WRITE;
/*!40000 ALTER TABLE `bills` DISABLE KEYS */;
INSERT INTO `bills` VALUES (12,'2025-12-14 02:00:00.000000','2026-01-15 02:00:00.000000','Vũ Xuân Bắc','0336500258',48000000,'bac@gmail.com',1,6);
/*!40000 ALTER TABLE `bills` ENABLE KEYS */;
UNLOCK TABLES;

--
-- Table structure for table `hotels`
--

DROP TABLE IF EXISTS `hotels`;
/*!40101 SET @saved_cs_client     = @@character_set_client */;
/*!50503 SET character_set_client = utf8mb4 */;
CREATE TABLE `hotels` (
  `id` bigint NOT NULL AUTO_INCREMENT,
  `address` varchar(255) DEFAULT NULL,
  `image` varchar(255) DEFAULT NULL,
  `introduction` mediumtext,
  `is_active` bit(1) NOT NULL,
  `name` varchar(255) DEFAULT NULL,
  `rate` double NOT NULL,
  `utilities` mediumtext,
  PRIMARY KEY (`id`)
) ENGINE=InnoDB AUTO_INCREMENT=101 DEFAULT CHARSET=utf8mb4 COLLATE=utf8mb4_0900_ai_ci;
/*!40101 SET character_set_client = @saved_cs_client */;

--
-- Dumping data for table `hotels`
--

LOCK TABLES `hotels` WRITE;
/*!40000 ALTER TABLE `hotels` DISABLE KEYS */;
INSERT INTO `hotels` VALUES (1,'12 Nguyễn Huệ, Quận 1, TP. HCM','h1.jpeg','Tọa lạc tại vị trí đắc địa ngay trung tâm phố đi bộ sầm uất, khách sạn mang đến không gian nghỉ dưỡng sang trọng kết hợp hoàn hảo giữa kiến trúc hiện đại và nét đẹp truyền thống. Với hệ thống phòng nghỉ tiện nghi, view toàn cảnh thành phố rực rỡ về đêm cùng dịch vụ chăm sóc khách hàng tận tâm, đây chắc chắn là điểm dừng chân lý tưởng cho cả doanh nhân và khách du lịch khi đến thăm Sài Gòn.',_binary '','Sunrise Central Hotel',9,'Wifi, Hồ bơi, Ăn sáng, Xe đưa đón sân bay'),(2,'98 Trần Phú, Vũng Tàu','h2.jpeg','Nằm trải dài trên cung đường biển đẹp nhất Vũng Tàu, khu nghỉ dưỡng sở hữu không gian yên bình tuyệt đối với tiếng sóng vỗ rì rào bên tai. Các phòng nghỉ được thiết kế mở, đón trọn ánh sáng tự nhiên và gió biển mát lành. Du khách có thể thư giãn tại hồ bơi ngoài trời, thưởng thức hải sản tươi ngon tại nhà hàng hoặc đơn giản là thả mình trên chiếc ghế dài ngắm hoàng hôn buông xuống đầy lãng mạn.',_binary '','Blue Ocean Resort',8.1,'Wifi, View biển, Nhà hàng, Bãi đậu xe miễn phí'),(3,'45 Lê Lợi, Huế','h3.jpeg','Mang đậm dấu ấn cung đình Huế với lối kiến trúc cổ điển pha lẫn nét hiện đại tinh tế, khách sạn là nơi lưu giữ những giá trị văn hóa đặc sắc. Chỉ cách Đại Nội và cầu Trường Tiền vài phút đi bộ, du khách dễ dàng hòa mình vào nhịp sống chậm rãi của cố đô. Dịch vụ spa đẳng cấp cùng ẩm thực cung đình phong phú hứa hẹn mang lại những trải nghiệm khó quên cho bất kỳ ai ghé thăm.',_binary '','Imperial Hue Hotel',8.7,'Gym, Hồ bơi, Spa, Ăn sáng'),(4,'22 Hùng Vương, Đà Lạt','h4.jpeg','Ẩn mình giữa những đồi thông xanh ngát và bầu không khí se lạnh đặc trưng của thành phố ngàn hoa, khu nghỉ dưỡng như một tòa lâu đài cổ tích đầy thơ mộng. Mỗi phòng đều có ban công riêng hướng ra thung lũng, nơi bạn có thể nhâm nhi tách trà nóng và ngắm nhìn sương sớm. Sân vườn rộng rãi với muôn vàn loài hoa khoe sắc là địa điểm lý tưởng cho những bữa tiệc BBQ ấm cúng bên gia đình.',_binary '','Pine Garden Resort',8.9,'Wifi, Sân vườn, Bãi đậu xe, Cho thuê xe máy'),(5,'88 Phạm Văn Đồng, Nha Trang','h5.jpeg','Sở hữu bãi biển riêng tuyệt đẹp cùng hồ bơi vô cực nhìn thẳng ra vịnh Nha Trang, khách sạn là thiên đường nghỉ dưỡng đẳng cấp 5 sao. Không gian nội thất sang trọng, tiện nghi hiện đại cùng các dịch vụ giải trí đa dạng như lặn biển, lướt sóng sẽ làm hài lòng những du khách yêu thích sự năng động. Hãy để chúng tôi chăm sóc kỳ nghỉ của bạn với sự chuyên nghiệp và tận tình nhất.',_binary '','Coral Beach Hotel',9.1,'Hồ bơi vô cực, View biển, Spa'),(6,'210 Võ Nguyên Giáp, Đà Nẵng','h6.jpeg','Nằm đối diện bãi biển Mỹ Khê quyến rũ, khách sạn nổi bật với thiết kế cao tầng hiện đại và tầm nhìn bao quát đại dương bao la. Hệ thống phòng nghỉ rộng rãi, được trang bị đầy đủ tiện nghi cao cấp mang lại sự thoải mái tối đa. Du khách có thể tận hưởng những giây phút thư giãn tại quầy bar trên tầng thượng, ngắm nhìn toàn cảnh thành phố Đà Nẵng lung linh sắc màu khi đêm về.',_binary '','My Khe Luxury Hotel',8.5,'Wifi, Hồ bơi, Gym, Nhà hàng'),(7,'77 Lý Thường Kiệt, Hoàn Kiếm, Hà Nội','h7.jpeg','Nằm yên bình giữa lòng thủ đô nhộn nhịp, khách sạn mang phong cách Boutique độc đáo, là sự kết hợp hài hòa giữa nét thanh lịch của người Tràng An và sự tiện nghi hiện đại. Từ đây, bạn chỉ mất vài phút để tản bộ ra Hồ Gươm hay khám phá 36 phố phường cổ kính. Đội ngũ nhân viên am hiểu văn hóa địa phương luôn sẵn sàng hỗ trợ bạn thiết kế những tour tham quan thú vị nhất.',_binary '','Old Quarter Boutique Hotel',8,'Wifi, Ăn sáng, Tour tham quan, Dịch vụ giặt ủi'),(8,'5 Đống Đa, Quy Nhơn','h8.jpeg','Khách sạn mang đến không gian nghỉ dưỡng yên bình và gần gũi với thiên nhiên, nằm ngay sát bờ biển Quy Nhơn xinh đẹp. Với thiết kế tối giản nhưng tinh tế, chú trọng vào sự thoải mái của du khách, đây là lựa chọn tuyệt vời cho những ai muốn tìm kiếm sự thư thái. Đặc biệt, vị trí gần chợ đêm và các quán hải sản ngon rẻ giúp bạn dễ dàng khám phá ẩm thực địa phương phong phú.',_binary '','Seaside Quy Nhon Hotel',8.3,'Wifi, Bãi đậu xe, Nhà hàng'),(9,'32 Nguyễn Thiện Thuật, Nha Trang','h9.jpeg','Được thiết kế dành riêng cho các gia đình và nhóm bạn, khách sạn cung cấp các căn hộ dịch vụ rộng rãi với đầy đủ bếp và phòng khách. Vị trí trung tâm khu phố Tây sầm uất giúp bạn dễ dàng tiếp cận các hoạt động vui chơi giải trí sôi động. Bữa sáng tự chọn đa dạng các món ăn Á - Âu cùng hồ bơi trẻ em an toàn là những điểm cộng lớn khiến du khách luôn muốn quay lại.',_binary '','Family Stay Nha Trang',7.9,'Wifi, Thang máy, Ăn sáng'),(10,'101 Bạch Đằng, Đà Nẵng','h10.jpeg','Tọa lạc trên con đường đẹp nhất thành phố Đà Nẵng, khách sạn sở hữu tầm nhìn trực diện ra sông Hàn thơ mộng và Cầu Rồng nổi tiếng. Vào mỗi cuối tuần, du khách có thể chiêm ngưỡng màn trình diễn phun lửa đặc sắc ngay từ cửa sổ phòng mình. Không gian sang trọng, dịch vụ chuyên nghiệp cùng vị trí thuận lợi di chuyển đến các điểm tham quan khiến nơi đây luôn là lựa chọn hàng đầu.',_binary '','Han River View Hotel',8.6,'Wifi, View sông, Nhà hàng, Bãi đậu xe'),(11,'12 Cầu Giấy, Cầu Giấy, Hà Nội','h11.jpeg','Nằm tại cửa ngõ phía Tây thủ đô, khách sạn là điểm đến lý tưởng cho các chuyên gia và khách công tác nhờ vị trí gần các tòa nhà văn phòng và trường đại học lớn. Thiết kế hiện đại, phòng họp tiêu chuẩn quốc tế cùng hệ thống nhà hàng sang trọng đáp ứng mọi nhu cầu của doanh nhân. Sau giờ làm việc, bạn có thể thư giãn tại spa cao cấp hoặc rèn luyện sức khỏe tại phòng gym hiện đại.',_binary '','Golden Central Hotel',8.6,'Wifi, Hồ bơi, Spa, Nhà hàng'),(12,'45 Đống Đa, Đà Lạt','h12.jpeg','Lấy cảm hứng từ những ngôi nhà gỗ Bắc Âu, khu nghỉ dưỡng nằm ẩn mình dưới tán rừng thông già, mang đến không gian ấm cúng và lãng mạn vô cùng. Buổi sáng thức dậy trong tiếng chim hót, hít thở bầu không khí trong lành và thưởng thức ly cà phê nóng hổi là trải nghiệm tuyệt vời khó quên. Đây là nơi trốn lý tưởng để bạn tạm gác lại những âu lo và hòa mình vào thiên nhiên.',_binary '','Forest Dream Resort',8.9,'Wifi, Sân vườn, Ăn sáng'),(13,'33 Trần Hưng Đạo, Hoàn Kiếm, Hà Nội','h13.jpeg','Khách sạn như một nốt trầm xao xuyến giữa bản hòa ca sôi động của Hà Nội, với kiến trúc Pháp cổ điển được bảo tồn nguyên vẹn qua năm tháng. Từng chi tiết nội thất đều toát lên vẻ sang trọng, quý phái, đưa du khách quay ngược thời gian về quá khứ vàng son. Vị trí đắc địa gần Nhà hát Lớn và các bảo tàng giúp bạn dễ dàng khám phá chiều sâu văn hóa của thủ đô ngàn năm văn hiến.',_binary '','Hanoi Heritage Hotel',8.2,'Wifi, Nhà hàng, Dịch vụ đưa đón'),(14,'89 Võ Văn Kiệt, Đà Nẵng','h14.jpeg','Sở hữu vị trí đắc địa ngay sát bờ sông Hàn, khách sạn là nơi lý tưởng để ngắm nhìn thành phố Đà Nẵng lung linh sắc màu khi màn đêm buông xuống. Các phòng nghỉ được thiết kế mở với vách kính lớn, tận dụng tối đa ánh sáng tự nhiên và tầm nhìn thoáng đạt. Hồ bơi vô cực trên tầng thượng cùng quầy bar sôi động là điểm hẹn yêu thích của giới trẻ và du khách quốc tế.',_binary '','Riverside Dragon Hotel',8.5,'Wifi, Hồ bơi, Gym'),(15,'56 Trần Phú, Nha Trang','h15.jpeg','Tự hào là một trong những khách sạn lâu đời và uy tín nhất tại Nha Trang, chúng tôi mang đến dịch vụ nghỉ dưỡng chuẩn mực với lòng hiếu khách nồng hậu. Bãi biển riêng sạch đẹp, hồ bơi rộng lớn cùng chuỗi nhà hàng ẩm thực đa dạng từ Á sang Âu sẽ thỏa mãn mọi giác quan của bạn. Hãy đến và trải nghiệm kỳ nghỉ dưỡng trong mơ tại thành phố biển xinh đẹp này.',_binary '','Nha Trang Pearl Hotel',8.8,'Wifi, Hồ bơi, Ăn sáng'),(16,'102 Cửa Đại, Hội An','h16.jpeg','Nằm giữa vùng quê yên bình ngoại ô Hội An, khu nghỉ dưỡng tái hiện lại không gian làng quê Việt Nam xưa với mái ngói đỏ, lũy tre xanh và hồ sen thơm ngát. Các phòng nghỉ được trang trí bằng vật liệu tự nhiên như tre, gỗ, gốm sứ tạo cảm giác gần gũi, ấm cúng. Dịch vụ spa thảo dược truyền thống và các lớp học nấu ăn địa phương là những hoạt động thú vị bạn không nên bỏ lỡ.',_binary '','Ancient Town Resort',9,'Sân vườn, Hồ bơi, Spa'),(17,'200 Nguyễn Văn Linh, Đà Nẵng','h17.jpeg','Tọa lạc ngay trục đường tài chính sầm uất nhất Đà Nẵng, khách sạn là lựa chọn số một cho những chuyến công tác kết hợp du lịch. Với vị trí thuận lợi gần sân bay quốc tế và các trung tâm thương mại lớn, việc di chuyển và mua sắm trở nên vô cùng dễ dàng. Phòng ốc tiện nghi, đường truyền internet tốc độ cao và trung tâm hội nghị hiện đại luôn sẵn sàng phục vụ quý khách.',_binary '','Danang Center Hotel',8.1,'Wifi, Gym, Nhà hàng'),(18,'12 Pasteur, Huế','h18.jpeg','Nép mình bên dòng sông Hương thơ mộng, khách sạn mang vẻ đẹp dịu dàng và đằm thắm như chính con người xứ Huế. Khu vườn nhiệt đới xanh mát bao quanh tạo nên một ốc đảo bình yên, tách biệt hẳn với sự ồn ào của phố thị. Tại đây, bạn có thể thưởng thức những tách trà cung đình thơm ngon, lắng nghe ca Huế trên sông và cảm nhận nhịp sống chậm rãi đầy thi vị.',_binary '','Hue Garden Hotel',8.4,'Wifi, Spa, Bãi đậu xe'),(19,'78 Hoàng Diệu, Quy Nhơn','h19.jpeg','Khách sạn nổi bật với kiến trúc hiện đại hướng biển, cho phép du khách chiêm ngưỡng trọn vẹn vẻ đẹp hoang sơ của biển Quy Nhơn ngay từ phòng ngủ. Nội thất sang trọng, gam màu trang nhã cùng các tiện ích cao cấp như hồ bơi, phòng gym, nhà hàng buffet tạo nên không gian nghỉ dưỡng hoàn hảo. Đội ngũ nhân viên thân thiện, nhiệt tình luôn sẵn sàng hỗ trợ bạn 24/7.',_binary '','Seaside Quy Nhon Hotel',8.7,'Wifi, Nhà hàng, View biển'),(20,'88 Trường Sa, Đà Nẵng','h20.jpeg','Nằm trên cung đường ven biển đẹp nhất hành tinh, khách sạn gây ấn tượng mạnh với du khách bởi hồ bơi vô cực trên cao nhìn thẳng ra biển Đông bao la. Các phòng nghỉ đều có ban công rộng, là nơi lý tưởng để đón bình minh rực rỡ mỗi sớm mai. Dịch vụ spa đẳng cấp với các liệu trình trị liệu chuyên sâu sẽ giúp bạn phục hồi năng lượng sau những ngày dài khám phá.',_binary '','Ocean View Danang',9.1,'Hồ bơi, Spa, Gym'),(21,'145 Giảng Võ, Ba Đình, Hà Nội','h21.jpeg','Tọa lạc tại khu vực trung tâm hành chính và ngoại giao của thủ đô, khách sạn mang đến sự thuận tiện tối đa cho các chuyến công tác và gặp gỡ đối tác. Không gian được thiết kế tinh tế, đề cao sự riêng tư và yên tĩnh. Bên cạnh đó, hệ thống nhà hàng phục vụ ẩm thực Á - Âu đa dạng cùng quầy bar sang trọng sẽ là nơi gặp gỡ, giao lưu lý tưởng cho giới doanh nhân thành đạt.',_binary '','Hanoi Crystal Hotel',7.8,'Wifi, Nhà hàng'),(22,'60 Lê Duẩn, Buôn Ma Thuột','h22.jpeg','Mang đậm hơi thở của núi rừng Tây Nguyên đại ngàn, khách sạn là sự kết hợp độc đáo giữa kiến trúc nhà dài truyền thống và tiện nghi hiện đại. Không gian tràn ngập ánh sáng và gió trời, được trang trí bằng các họa tiết thổ cẩm rực rỡ. Tại đây, bạn có thể thưởng thức hương vị cà phê Ban Mê nồng nàn ngay tại vườn và tìm hiểu văn hóa cồng chiêng đặc sắc của đồng bào dân tộc.',_binary '','Highland Buon Ma Thuot Hotel',8.3,'Wifi, Cafe, Giặt ủi'),(23,'95 Phan Chu Trinh, Vũng Tàu','h23.jpeg','Chỉ cách Bãi Sau vài bước chân, khách sạn là địa điểm lưu trú lý tưởng cho những ai yêu thích tắm biển và các hoạt động vui chơi giải trí ngoài trời. Phòng nghỉ được thiết kế trẻ trung, năng động, phù hợp với nhóm bạn trẻ và gia đình có con nhỏ. Dịch vụ cho thuê xe máy và xe đạp đôi giúp bạn dễ dàng vi vu khám phá mọi ngóc ngách của thành phố biển xinh đẹp này.',_binary '','Back Beach Hotel',8,'Wifi, Bãi đỗ xe, Cho thuê xe'),(24,'33 Nguyễn Thị Minh Khai, Nha Trang','h24.jpeg','Nằm ngay trung tâm khu phố Tây nhộn nhịp, khách sạn là điểm xuất phát hoàn hảo để hòa mình vào cuộc sống về đêm sôi động của Nha Trang. Thiết kế hiện đại, gam màu tươi sáng tạo cảm giác năng động và tràn đầy sức sống. Xung quanh là hàng loạt quán bar, nhà hàng, cửa hiệu sầm uất, hứa hẹn mang đến cho bạn những trải nghiệm vui chơi giải trí bất tận suốt đêm ngày.',_binary '','City Light Nha Trang',8.2,'Wifi, Gym, Nhà hàng'),(25,'14 Tôn Đức Thắng, Cần Thơ','h25.jpeg','Nằm bên bến Ninh Kiều thơ mộng, khách sạn sở hữu tầm nhìn tuyệt đẹp ra dòng sông Hậu hiền hòa chở nặng phù sa. Từ đây, du khách dễ dàng tham gia các tour chợ nổi Cái Răng vào sáng sớm hay dạo bộ ngắm cầu đi bộ lung linh về đêm. Phong cách phục vụ nồng hậu, chân chất của người miền Tây kết hợp với tiện nghi hiện đại sẽ mang lại cho bạn cảm giác ấm cúng như đang ở nhà.',_binary '','Mekong Riverside Hotel',8.5,'Wifi, Spa, Tour du lịch'),(26,'300 Kim Mã, Ba Đình, Hà Nội','h26.jpeg','Với vị trí chiến lược nối liền trung tâm thành phố và khu vực phía Tây đang phát triển mạnh mẽ, khách sạn là lựa chọn thông minh cho mọi hành trình. Thiết kế sang trọng, lịch lãm cùng hệ thống phòng ốc cách âm tốt đảm bảo giấc ngủ ngon cho du khách. Dịch vụ đưa đón sân bay chuyên nghiệp và hỗ trợ đặt vé tham quan giúp chuyến đi của bạn trở nên suôn sẻ và thuận lợi hơn bao giờ hết.',_binary '','Capital Luxury Hotel',8.1,'Wifi, Nhà hàng, Xe đưa đón'),(27,'11 Trần Quý Cáp, Đà Lạt','h27.jpeg','Lấy cảm hứng từ những biệt thự cổ thời Đông Dương, khách sạn mang vẻ đẹp hoài cổ đầy lãng mạn giữa lòng thành phố sương mù. Khu vườn hồng rực rỡ quanh năm tỏa hương thơm ngát là điểm nhấn đặc biệt khiến du khách mê mẩn. Nội thất gỗ ấm cúng, lò sưởi bập bùng và những bản nhạc Jazz du dương tạo nên không gian thưởng thức trà chiều và đọc sách vô cùng thi vị và bình yên.',_binary '','Vintage Dalat Hotel',8.6,'Wifi, Cafe, Sân vườn'),(28,'160 Nguyễn Sinh Sắc, Đà Nẵng','h28.jpeg','Khách sạn mini hiện đại nằm trong khu đô thị mới yên tĩnh, cách biển Nguyễn Tất Thành chỉ vài phút đi bộ. Với tiêu chí \"Sạch sẽ - Tiện nghi - Giá tốt\", đây là lựa chọn kinh tế cho du khách muốn tiết kiệm chi phí nhưng vẫn tận hưởng dịch vụ chất lượng. Phòng ốc thoáng mát, đầy đủ tiện nghi cơ bản cùng sự thân thiện của chủ nhà sẽ khiến bạn cảm thấy thoải mái và hài lòng.',_binary '','Holiday Danang Hotel',7.9,'Wifi, Bãi xe, Dịch vụ phòng'),(29,'23 Bạch Đằng, Hội An','h29.jpeg','Nằm soi bóng bên dòng sông Hoài thơ mộng, khách sạn là nơi bạn có thể cảm nhận trọn vẹn nhịp thở của phố cổ Hội An từ sáng sớm tinh mơ đến khi đèn lồng thắp sáng. Kiến trúc nhà cổ đặc trưng với mái ngói âm dương và tường vàng nghệ tạo nên những góc check-in tuyệt đẹp. Hồ bơi sân vườn xanh mát là nơi lý tưởng để thư giãn sau một ngày dài đi bộ khám phá các di tích lịch sử.',_binary '','Hoian Riverside Hotel',8.8,'Wifi, Hồ bơi, Spa'),(30,'455 Phạm Văn Đồng, Nha Trang','h30.jpeg','Khu nghỉ dưỡng biệt lập nằm ở phía Bắc thành phố, sở hữu bãi biển riêng hoang sơ và không gian yên tĩnh tuyệt đối. Các villa hướng biển được thiết kế sang trọng, hòa mình vào thiên nhiên xanh mát. Tại đây, bạn có thể tận hưởng các dịch vụ spa trị liệu cao cấp, thưởng thức bữa tối lãng mạn dưới ánh nến trên bãi biển và lắng nghe tiếng sóng vỗ rì rào như bản tình ca của biển cả.',_binary '','Coastal Nha Trang Resort',9,'Hồ bơi, Spa, View biển'),(31,'15 Nguyễn Đình Chiểu, Phan Thiết','h31.jpeg','Tọa lạc tại thủ phủ của các resort Mũi Né, khách sạn nổi bật với khuôn viên rộng lớn rợp bóng dừa xanh và bãi cát trắng mịn trải dài. Phong cách kiến trúc nhiệt đới phóng khoáng, gần gũi với thiên nhiên mang lại cảm giác thư thái tuyệt vời. Nhà hàng hải sản tươi sống ngay trong khuôn viên phục vụ những món ăn đậm đà hương vị biển, hứa hẹn đánh thức vị giác của mọi thực khách.',_binary '','Golden Sand Resort',8.6,'Wifi, Hồ bơi, Nhà hàng hải sản, Bãi biển riêng'),(32,'42 Lò Đúc, Hai Bà Trưng, Hà Nội','h32.jpeg','Nằm trên con phố cổ kính với những hàng sao đen rợp bóng mát, khách sạn mang đến không gian nghỉ ngơi yên tĩnh ngay giữa trung tâm náo nhiệt. Từ đây, bạn dễ dàng di chuyển đến các quán phở thìn nổi tiếng hay các quán cà phê trứng trứ danh. Phòng nghỉ được bài trí trang nhã, sạch sẽ cùng phong cách phục vụ chu đáo, tận tâm đậm chất người Hà Nội là điểm cộng lớn của khách sạn.',_binary '','Hanoi Elegant Hotel',8.3,'Wifi, Ăn sáng, Dịch vụ phòng, Lễ tân 24/7'),(33,'101 Phạm Văn Đồng, Quy Nhơn','h33.jpeg','Như một ốc đảo xanh mát giữa lòng thành phố biển, khu nghỉ dưỡng gây ấn tượng với hệ thống hồ bơi đa tầng và tầm nhìn panorama ra vịnh Quy Nhơn hùng vĩ. Các phòng nghỉ đều có ban công lớn đón gió biển, nội thất sang trọng đạt chuẩn quốc tế. Đây là địa điểm lý tưởng để tổ chức các sự kiện, hội nghị hay đơn giản là tận hưởng kỳ nghỉ trăng mật lãng mạn bên người thương.',_binary '','Seaside Paradise Resort',9,'Hồ bơi, View biển, Spa, Nhà hàng hải sản'),(34,'26 Nguyễn Chí Thanh, Buôn Ma Thuột','h34.jpeg','Được ví như một bản giao hưởng của núi rừng, khách sạn mang đến trải nghiệm nghỉ dưỡng đích thực giữa lòng thủ phủ cà phê. Khuôn viên rộng rãi với nhiều cây xanh, hồ cá koi và thác nước nhân tạo tạo nên bầu không khí trong lành, mát mẻ quanh năm. Nhà hàng phục vụ các món đặc sản Tây Nguyên như gà nướng, cơm lam, heo rẫy sẽ làm hài lòng những thực khách sành ăn nhất.',_binary '','Highland Retreat Hotel',8.2,'Wifi, Cafe sân vườn, Nhà hàng, Bãi đỗ xe'),(35,'57 Bạch Đằng, Hội An','h35.jpeg','Chỉ cách Chùa Cầu biểu tượng vài phút đi bộ, khách sạn sở hữu vị trí vàng để khám phá mọi ngóc ngách của di sản văn hóa thế giới Hội An. Thiết kế giao thoa giữa văn hóa Việt - Nhật - Hoa tạo nên nét chấm phá độc đáo trong kiến trúc. Dịch vụ cho thuê xe đạp miễn phí giúp bạn thong dong dạo chơi trên những con phố nhỏ rêu phong và cảm nhận vẻ đẹp bình yên của phố cổ.',_binary '','Ancient Riverside Hotel',9.1,'Hồ bơi, View sông, Spa, Thuê xe đạp'),(36,'90 Hoàng Hoa Thám, Đà Lạt','h36.jpeg','Nằm biệt lập trên một ngọn đồi thoai thoải, khách sạn được bao bọc bởi rừng thông nguyên sinh bạt ngàn, quanh năm mây mù bao phủ. Kiến trúc mở với nhiều cửa kính lớn giúp bạn tận hưởng trọn vẹn vẻ đẹp của thiên nhiên ngay trong phòng ngủ. Khu vực BBQ ngoài trời rộng rãi là nơi tuyệt vời để tổ chức những bữa tiệc nướng ấm cúng, quây quần bên ánh lửa trại bập bùng giữa đêm lạnh cao nguyên.',_binary '','Valley View Retreat',8.8,'Wifi, Sân vườn, Cafe ngoài trời, Bãi đậu xe'),(37,'12 Trần Hưng Đạo, Phú Quốc','h37.jpeg','Tọa lạc tại Đảo Ngọc thiên đường, resort sở hữu bãi biển riêng hoang sơ với cát trắng mịn như kem và nước biển trong xanh màu ngọc bích. Các bungalow nằm sát biển hoặc ẩn mình dưới tán dừa xanh mát mang lại sự riêng tư tuyệt đối. Dịch vụ lặn ngắm san hô, câu mực đêm cùng các bữa tiệc buffet hải sản tươi ngon trên bãi biển sẽ mang đến cho bạn một kỳ nghỉ dưỡng không thể nào quên.',_binary '','Ocean Pearl Resort',9.3,'Bãi biển riêng, Spa, Buffet sáng, Hồ bơi'),(38,'333 Nguyễn Tất Thành, Đà Nẵng','h38.jpeg','Là lựa chọn hàng đầu cho những chuyến bay sớm hoặc đến trễ, khách sạn nằm rất gần sân bay quốc tế Đà Nẵng nhưng vẫn đảm bảo sự yên tĩnh cần thiết. Phòng ốc được cách âm hoàn hảo, trang bị giường ngủ êm ái giúp bạn có giấc ngủ sâu sau chặng đường dài. Dịch vụ xe đưa đón sân bay miễn phí 24/7 và bữa sáng đóng hộp mang đi là những tiện ích thiết thực dành cho du khách bận rộn.',_binary '','Airport View Hotel',8,'Wifi, Nhà hàng, Dịch vụ phòng, Lễ tân 24/7'),(39,'78 Võ Thị Sáu, Vũng Tàu','h39.jpeg','Khách sạn nổi bật với kiến trúc cao tầng hiện đại, tọa lạc tại khu vực Bãi Sau sôi động, nơi tập trung nhiều hoạt động giải trí về đêm hấp dẫn. Tất cả các phòng đều có ban công hướng biển, cho phép bạn đón bình minh ngay trên giường ngủ. Hồ bơi trên sân thượng với quầy bar phục vụ các loại cocktail nhiệt đới mát lạnh là nơi lý tưởng để thư giãn và ngắm nhìn toàn cảnh thành phố biển.',_binary '','Marine Blue Hotel',8.7,'Hồ bơi, View biển, Nhà hàng, Bãi đỗ xe'),(40,'200 Trần Phú, Nha Trang','h40.jpeg','Là biểu tượng mới của sự sang trọng bên bờ vịnh Nha Trang, khách sạn cao cấp này mang đến trải nghiệm nghỉ dưỡng đỉnh cao với tầm nhìn toàn cảnh đại dương bao la. Hồ bơi vô cực dát vàng, phòng gym view biển và chuỗi nhà hàng 5 sao là những điểm nhấn đẳng cấp. Đội ngũ nhân viên chuyên nghiệp, được đào tạo bài bản theo tiêu chuẩn quốc tế cam kết mang lại sự hài lòng tuyệt đối cho thượng đế.',_binary '','Skyline Beach Hotel',8.9,'Wifi, Hồ bơi vô cực, Gym, Nhà hàng'),(41,'55 Nguyễn Cư Trinh, Sa Pa','h41.jpeg','Treo mình trên sườn núi Fansipan hùng vĩ, khách sạn sở hữu tầm nhìn ngoạn mục xuống thung lũng Mường Hoa thơ mộng và những thửa ruộng bậc thang ngút ngàn. Vào những ngày đẹp trời, bạn có thể săn mây ngay tại ban công phòng mình. Hệ thống lò sưởi hiện đại, chăn đệm êm ái cùng những món ăn đặc sản vùng cao nóng hổi sẽ sưởi ấm bạn giữa cái lạnh tê tái của thị trấn trong sương.',_binary '','Mountain Cloud Lodge',8.5,'View núi, Sưởi phòng, Sân vườn, Nhà hàng'),(42,'19 Tây Hồ, Tây Hồ, Hà Nội','h42.jpeg','Nằm bên bờ Hồ Tây lộng gió, khách sạn là chốn dừng chân thanh bình, lãng mạn tách biệt khỏi sự ồn ào của phố thị. Kiến trúc biệt thự Pháp cổ kết hợp với nội thất gỗ sang trọng tạo nên vẻ đẹp quý phái, đẳng cấp. Bạn có thể đạp xe dạo quanh hồ, thưởng thức trà sen thơm ngát hay ngắm hoàng hôn đỏ rực buông xuống mặt hồ, tạo nên những khoảnh khắc đẹp như tranh vẽ.',_binary '','West Lake Riverside Hotel',8.4,'Wifi, View sông, Nhà hàng, Bãi đậu xe'),(43,'2 Lê Thánh Tôn, Ninh Bình','h43.jpeg','Tọa lạc giữa quần thể danh thắng Tràng An - Tam Cốc, khách sạn được bao quanh bởi những dãy núi đá vôi trập trùng và cánh đồng lúa xanh mướt. Thiết kế gần gũi với thiên nhiên, sử dụng nhiều vật liệu địa phương như đá, gỗ, tre nứa. Hồ bơi ngoài trời nằm ngay dưới chân núi là nơi bạn có thể vừa bơi lội vừa ngắm nhìn khung cảnh thiên nhiên hùng vĩ, tráng lệ của vùng đất cố đô.',_binary '','Nature Garden Hotel',8.8,'Hồ bơi, Sân vườn, Cho thuê xe đạp'),(44,'105 Thống Nhất, Quy Nhơn','h44.jpeg','Nằm ngay trung tâm thành phố biển Quy Nhơn, khách sạn rất thuận tiện cho việc di chuyển đến các điểm tham quan nổi tiếng như Ghềnh Ráng, Tháp Đôi hay cầu Thị Nại. Phòng nghỉ sạch sẽ, thoáng mát, được trang bị đầy đủ tiện nghi cơ bản đáp ứng nhu cầu của mọi du khách. Đội ngũ lễ tân nhiệt tình, am hiểu địa phương luôn sẵn sàng tư vấn cho bạn những quán ăn ngon và địa điểm vui chơi thú vị.',_binary '','Central Quy Nhon Hotel',8.1,'Wifi, Nhà hàng, Lễ tân 24/7'),(45,'7 Nguyễn Công Trứ, Huế','h45.jpeg','Mang vẻ đẹp trầm mặc, cổ kính đặc trưng của xứ Huế, khách sạn là nơi lưu giữ những ký ức đẹp đẽ về một thời vàng son. Khuôn viên rợp bóng cây xanh, tiếng chim hót líu lo mỗi sáng tạo nên bầu không khí yên bình, thư thái. Vị trí gần bến thuyền Tòa Khâm giúp bạn dễ dàng trải nghiệm nghe ca Huế trên sông Hương và thả đèn hoa đăng cầu nguyện những điều tốt lành.',_binary '','Lotus Riverside Hotel',8.6,'Wifi, View sông, Nhà hàng, Thuê xe'),(46,'50 Trần Phú, Hà Đông, Hà Nội','h46.jpeg','Tọa lạc tại trung tâm quận Hà Đông đang phát triển sầm uất, khách sạn là điểm đến mới mẻ đầy hấp dẫn với phong cách thiết kế trẻ trung, hiện đại. Gần các trung tâm thương mại lớn, rạp chiếu phim và tuyến đường sắt trên cao Cát Linh - Hà Đông, việc di chuyển vào trung tâm thành phố trở nên vô cùng thuận tiện. Đây là lựa chọn lý tưởng cho các gia đình trẻ và nhóm bạn muốn khám phá Hà Nội theo một cách mới.',_binary '','Hanoi City Light Hotel',8.3,'Wifi, Gym, Bãi đậu xe, Nhà hàng'),(47,'88 Nguyễn Thái Học, Pleiku','h47.jpeg','Nằm giữa lòng phố núi Pleiku, khách sạn sở hữu không gian thoáng đãng với tầm nhìn bao quát toàn cảnh thành phố và những đồi chè xanh ngát xa xa. Thiết kế hiện đại pha lẫn nét văn hóa Tây Nguyên độc đáo tạo nên sự khác biệt thú vị. Quán cà phê sân thượng là nơi bạn có thể thưởng thức những ly cà phê Pleiku đậm đà hương vị và tận hưởng làn gió mát lành của đại ngàn.',_binary '','Green Highland Hotel',8,'Wifi, Cafe sân vườn, Bãi đỗ xe'),(48,'399 Quang Trung, Hà Giang','h48.jpeg','Là trạm dừng chân không thể bỏ qua trên hành trình chinh phục cao nguyên đá Đồng Văn hùng vĩ. Khách sạn cung cấp chỗ nghỉ ấm cúng, tiện nghi với nước nóng đầy đủ, giúp bạn xua tan mệt mỏi sau chặng đường đèo dốc quanh co. Chủ nhà thân thiện, mến khách, luôn sẵn sàng chia sẻ những câu chuyện thú vị về văn hóa và con người vùng cao, cũng như tư vấn lịch trình khám phá phù hợp nhất.',_binary '','Rock Mountain Hotel',8.2,'Wifi, Nhà hàng, Bãi đỗ xe'),(49,'31 Hoàng Hoa Thám, Bảo Lộc','h49.jpeg','Nằm tại thành phố hương trà Bảo Lộc, khách sạn mang đến không gian nghỉ dưỡng yên tĩnh, mát mẻ quanh năm. Khu vườn rộng với nhiều loài hoa lạ và cây ăn trái là nơi lý tưởng để dạo bộ, thư giãn. Buổi sáng, bạn có thể thưởng thức trà Lao thơm ngát trong sương sớm, buổi tối quây quần bên bếp lửa hồng nướng khoai, bắp và tận hưởng cuộc sống chậm rãi, bình yên nơi phố núi.',_binary '','Tea Hill Retreat',8.4,'Wifi, Sân vườn, Cafe, Bãi đậu xe'),(50,'450 Phan Chu Trinh, Đà Nẵng','h50.jpeg','Nằm bên bờ sông Hàn thơ mộng, khách sạn mang đến không gian nghỉ dưỡng thoáng đãng với tầm nhìn bao quát thành phố đáng sống nhất Việt Nam. Buổi sáng, bạn có thể chạy bộ dọc bờ sông đón bình minh, chiều về thưởng thức hải sản tươi ngon ngay tại nhà hàng. Thiết kế hiện đại, trẻ trung cùng sự phục vụ tận tâm của đội ngũ nhân viên sẽ khiến kỳ nghỉ của bạn trở nên trọn vẹn hơn bao giờ hết.',_binary '','Coastal Breeze Hotel',8.7,'Wifi, Nhà hàng, Gym, Bãi đỗ xe'),(51,'31 Hàng Gai, Hoàn Kiếm, Hà Nội','h51.jpeg','Ẩn mình trong lòng phố cổ Hà Nội, khách sạn là sự giao thoa tinh tế giữa nét đẹp truyền thống của đất Kinh Kỳ và tiện nghi hiện đại. Chỉ vài bước chân là ra đến Hồ Gươm, du khách có thể dễ dàng hòa mình vào không gian văn hóa đặc sắc của thủ đô. Sân thượng có quán cà phê view hồ tuyệt đẹp, là nơi lý tưởng để ngắm nhìn Tháp Rùa cổ kính trong ánh chiều tà.',_binary '','Golden Sun Hotel',8.2,'Wifi, Hồ bơi, Ăn sáng, Xe đưa đón sân bay'),(52,'52 Trần Hưng Đạo, Quận 5, TP. HCM','h52.jpeg','Tọa lạc tại khu vực Chợ Lớn sầm uất, khách sạn mang đậm dấu ấn văn hóa Hoa - Việt độc đáo. Đây là thiên đường cho những tín đồ ẩm thực muốn khám phá các món ăn đường phố trứ danh. Phòng nghỉ được thiết kế ấm cúng, cách âm tốt giúp bạn có giấc ngủ ngon sau một ngày dài khám phá. Hồ bơi trên tầng thượng là điểm nhấn giúp bạn thư giãn giữa lòng thành phố náo nhiệt.',_binary '','Royal Lotus Hotel',8.5,'Wifi, Hồ bơi, Ăn sáng, Gym, Spa'),(53,'66 Xuân Diệu, Tây Hồ, Hà Nội','h53.jpeg','Nằm ven Hồ Tây lộng gió, khách sạn sở hữu vị trí đắc địa trong khu vực được mệnh danh là làng Tây của Hà Nội. Không gian yên tĩnh, sang trọng với tầm nhìn mặt nước mênh mông mang lại cảm giác thư thái tuyệt đối. Xung quanh là hàng loạt nhà hàng Âu, quán bar và tiệm bánh nổi tiếng, rất phù hợp cho du khách quốc tế và những ai tìm kiếm sự lãng mạn, riêng tư.',_binary '','Emerald Palace Hotel',8,'Wifi, Hồ bơi, Ăn sáng, Nhà hàng'),(54,'28 Phạm Ngũ Lão, Quận 1, TP. HCM','h54.jpeg','Nằm ngay trung tâm phố Tây Bùi Viện, khách sạn là điểm đến lý tưởng cho những tâm hồn yêu thích sự sôi động và náo nhiệt về đêm. Từ ban công phòng, bạn có thể cảm nhận nhịp sống hối hả, trẻ trung của Sài Gòn không ngủ. Thiết kế hiện đại, giá cả hợp lý cùng vị trí thuận tiện di chuyển đến chợ Bến Thành khiến nơi đây luôn là lựa chọn hàng đầu của giới trẻ.',_binary '','Skyline Hotel',8.3,'Wifi, Hồ bơi, Ăn sáng, Dịch vụ đưa đón'),(55,'56 Láng Hạ, Đống Đa, Hà Nội','h55.jpeg','Tọa lạc tại trung tâm tài chính mới của thủ đô, khách sạn hướng đến đối tượng khách doanh nhân với dịch vụ chuyên nghiệp và tiện nghi văn phòng hiện đại. Phòng ốc rộng rãi, đường truyền internet tốc độ cao và phòng họp tiêu chuẩn quốc tế đáp ứng mọi nhu cầu công việc. Sau giờ làm, bạn có thể thư giãn tại spa cao cấp hoặc rèn luyện sức khỏe tại phòng gym với trang thiết bị tối tân.',_binary '','Crystal Hotel',8.1,'Wifi, Hồ bơi, Ăn sáng, Gym'),(56,'03 Võ Văn Tần, Quận 3, TP. HCM','h56.jpeg','Nằm trên con đường rợp bóng cây cổ thụ, khách sạn mang vẻ đẹp thanh lịch, quý phái của kiến trúc Pháp xưa. Gần Bảo tàng Chứng tích Chiến tranh và Dinh Độc Lập, vị trí này rất thuận tiện cho các tour tham quan lịch sử. Không gian sân vườn xanh mát bên trong khách sạn là nơi bạn có thể thưởng thức bữa sáng ngoài trời và tận hưởng những giây phút bình yên hiếm có giữa Sài Gòn.',_binary '','Platinum Hotel',8.4,'Wifi, Hồ bơi, Ăn sáng, Spa'),(57,'72 Tràng Thi, Hoàn Kiếm, Hà Nội','h57.jpeg','Khách sạn sở hữu vị trí vàng gần Nhà Thờ Lớn, mang đến trải nghiệm nghỉ dưỡng đậm chất Hà Nội. Kiến trúc Boutique độc đáo, chú trọng vào từng chi tiết nội thất tạo nên không gian nghệ thuật đầy cảm hứng. Mỗi sáng chủ nhật, tiếng chuông nhà thờ ngân vang vọng vào phòng mang lại cảm giác an yên lạ thường. Đội ngũ nhân viên am hiểu văn hóa luôn sẵn lòng giới thiệu những \"ngõ nhỏ, phố nhỏ\" thú vị nhất.',_binary '','Majestic Hotel',8.6,'Wifi, Hồ bơi, Ăn sáng, Gym, Spa'),(58,'88 Nguyễn Thị Minh Khai, Quận 1, TP. HCM','h58.jpeg','Đối diện Thảo Cầm Viên xanh mát, khách sạn như một ốc đảo bình yên giữa lòng thành phố. Các phòng nghỉ đều có cửa sổ lớn đón ánh sáng tự nhiên và tầm nhìn ra mảng xanh của công viên. Đây là lựa chọn tuyệt vời cho các gia đình có trẻ nhỏ. Dịch vụ đưa đón tận nơi và hỗ trợ đặt vé tham quan giúp kỳ nghỉ của bạn trở nên thảnh thơi và thuận tiện hơn bao giờ hết.',_binary '','Imperial Hotel',8.3,'Wifi, Hồ bơi, Ăn sáng, Xe đưa đón'),(59,'69 Hoàng Quốc Việt, Cầu Giấy, Hà Nội','h59.jpeg','Nằm tại cửa ngõ phía Tây thủ đô, khách sạn nổi bật với tòa tháp cao tầng hiện đại và tầm nhìn thoáng đạt. Khu vực này tập trung nhiều trường đại học và viện nghiên cứu, mang lại không gian tri thức và yên tĩnh. Khách sạn cung cấp đầy đủ các tiện ích giải trí như bể bơi bốn mùa, phòng gym và khu vui chơi trẻ em, đáp ứng nhu cầu của mọi thành viên trong gia đình.',_binary '','Royal Garden Hotel',8,'Wifi, Hồ bơi, Ăn sáng, Nhà hàng'),(60,'24 Trương Định, Quận 3, TP. HCM','h60.jpeg','Tọa lạc ngay góc đường xanh mát bậc nhất Sài Gòn, gần công viên Tao Đàn, khách sạn là nơi lý tưởng để bạn đi dạo và hít thở không khí trong lành mỗi sáng. Thiết kế tối giản, tinh tế theo phong cách Nhật Bản mang lại cảm giác thư thái, nhẹ nhàng. Quầy bar rooftop với các loại cocktail sáng tạo là nơi tuyệt vời để ngắm hoàng hôn buông xuống trên những tòa nhà chọc trời.',_binary '','Sunset Hotel',8.5,'Wifi, Hồ bơi, Ăn sáng, Gym'),(61,'26 Phan Đình Phùng, Ba Đình, Hà Nội','h61.jpeg','Nằm trên con đường đẹp nhất Hà Nội với ba hàng sấu cổ thụ rợp bóng, khách sạn mang vẻ đẹp lãng mạn và hoài cổ. Từ đây, bạn có thể đi bộ đến Hoàng Thành Thăng Long hay Cửa Bắc để tìm hiểu lịch sử ngàn năm văn hiến. Phòng nghỉ sang trọng với ban công hoa giấy thơ mộng là nơi bạn có thể ngồi nhâm nhi tách trà và ngắm nhìn dòng người chậm rãi qua lại.',_binary '','Ocean View Hotel',8.1,'Wifi, Hồ bơi, Ăn sáng, Spa'),(62,'44 Lý Tự Trọng, Quận 1, TP. HCM','h62.jpeg','Chỉ cách Vincom Center và Nhà hát Thành phố vài phút đi bộ, khách sạn là thiên đường cho các tín đồ mua sắm và yêu nghệ thuật. Không gian nội thất lộng lẫy, sử dụng đá cẩm thạch và đèn chùm pha lê tạo nên đẳng cấp 5 sao. Nhà hàng buffet quốc tế với thực đơn phong phú từ Á sang Âu chắc chắn sẽ làm hài lòng những thực khách khó tính nhất.',_binary '','Diamond Hotel',8.4,'Wifi, Hồ bơi, Ăn sáng, Gym, Spa'),(63,'35 Quán Thánh, Ba Đình, Hà Nội','h63.jpeg','Gần Hồ Trúc Bạch và Hồ Tây, khách sạn là điểm dừng chân lý tưởng để thưởng thức món phở cuốn Ngũ Xã trứ danh. Không gian khách sạn được bài trí ấm cúng, mang đậm màu sắc văn hóa Bắc Bộ. Dịch vụ cho thuê xe đạp miễn phí khuyến khích du khách khám phá vẻ đẹp bình dị của cuộc sống thường nhật quanh hồ, tận hưởng làn gió mát lành và sự yên bình hiếm có.',_binary '','Emerald Hotel',8.2,'Wifi, Hồ bơi, Ăn sáng, Nhà hàng'),(64,'37 Nguyễn Hữu Cảnh, Bình Thạnh, TP. HCM','h64.jpeg','Nằm trong khu phức hợp cao cấp bậc nhất Sài Gòn, khách sạn hưởng trọn tiện ích của công viên ven sông và trung tâm thương mại sầm uất. Tầm nhìn trực diện ra tòa nhà Landmark 81 kiêu hãnh mang lại trải nghiệm đẳng cấp. Phòng ốc hiện đại, thông minh cùng dịch vụ quản gia riêng biệt 24/7 cam kết mang lại sự hài lòng tuyệt đối cho giới thượng lưu và doanh nhân.',_binary '','Grand Horizon Hotel',8.3,'Wifi, Hồ bơi, Ăn sáng, Xe đưa đón'),(65,'56 Điện Biên Phủ, Ba Đình, Hà Nội','h65.jpeg','Tọa lạc gần Lăng Bác và Quảng trường Ba Đình, khách sạn có vị trí trang nghiêm và an ninh bậc nhất. Kiến trúc Pháp cổ được bảo tồn nguyên vẹn tạo nên vẻ đẹp uy nghi, tráng lệ. Khu vườn thượng uyển bên trong khách sạn là nơi tổ chức các bữa tiệc trà chiều sang trọng. Đây là lựa chọn hàng đầu của các phái đoàn ngoại giao và du khách yêu thích lịch sử.',_binary '','Sunset Boulevard Hotel',8,'Wifi, Hồ bơi, Ăn sáng, Spa'),(66,'48 Lê Văn Sỹ, Quận 3, TP. HCM','h66.jpeg','Nằm trên con phố thời trang sầm uất, khách sạn mang phong cách thiết kế trẻ trung, bắt mắt, rất hợp gu với giới trẻ. Xung quanh là vô vàn shop quần áo, quán cà phê và quán ăn vặt nổi tiếng Sài thành. Phòng nghỉ được trang bị hệ thống giải trí hiện đại, giường ngủ êm ái. Đội ngũ nhân viên thân thiện như những người bạn địa phương sẽ chỉ dẫn cho bạn những địa điểm vui chơi \"hot\" nhất.',_binary '','Royal Pearl Hotel',8.5,'Wifi, Hồ bơi, Ăn sáng, Gym'),(67,'41 Thảo Điền, Quận 2, TP. HCM','h67.jpeg','Nằm trong khu phố Tây Thảo Điền sang trọng, khách sạn mang đến không gian nghỉ dưỡng biệt lập và đẳng cấp. Kiến trúc villa sân vườn với hồ bơi riêng tạo sự riêng tư tuyệt đối. Nhà hàng ven sông Sài Gòn phục vụ ẩm thực Fusion tinh tế trong không gian lãng mạn dưới ánh nến. Đây là điểm đến hoàn hảo cho những cặp đôi muốn hâm nóng tình cảm hoặc những ai muốn \"đi trốn\" ngay trong lòng thành phố.',_binary '','Crystal Palace Hotel',8.2,'Wifi, Hồ bơi, Ăn sáng, Spa'),(68,'78 Võ Thị Sáu, Hai Bà Trưng, Hà Nội','h68.jpeg','Gần công viên Thống Nhất và hồ Thiền Quang, khách sạn mang lại không gian xanh mát và thoáng đãng giữa lòng thủ đô. Vị trí thuận lợi để di chuyển đến ga Hà Nội cũng như các điểm tham quan trung tâm. Phòng nghỉ sạch sẽ, tiện nghi với mức giá hợp lý, phù hợp cho cả khách du lịch bụi và khách công tác dài ngày. Bữa sáng tự chọn với các món ăn truyền thống Hà Nội được đánh giá rất cao.',_binary '','Blue Lagoon Hotel',8.3,'Wifi, Hồ bơi, Ăn sáng, Nhà hàng'),(69,'95 Trần Quốc Toản, Hoàn Kiếm, Hà Nội','h69.jpeg','Khách sạn nhỏ xinh nằm trên con phố yên tĩnh, rợp bóng cây xanh, mang đến cảm giác bình yên như đang ở nhà. Thiết kế nội thất tinh tế, sử dụng gam màu pastel nhẹ nhàng tạo cảm giác thư giãn. Chỉ vài phút đi bộ là bạn có thể đến được phố sách và các quán cà phê nổi tiếng. Sự hiếu khách và chu đáo của chủ nhà sẽ khiến bạn lưu luyến không muốn rời.',_binary '','Golden Horizon Hotel',8.1,'Wifi, Hồ bơi, Ăn sáng, Gym'),(70,'26 Lý Nam Đế, Hoàn Kiếm, Hà Nội','h70.jpeg','Nằm trên con phố được mệnh danh là \"phố nhà binh\", khách sạn sở hữu vẻ đẹp trầm mặc và an toàn tuyệt đối. Gần khu phố cổ nhưng không quá ồn ào, đây là sự cân bằng hoàn hảo cho kỳ nghỉ của bạn. Các phòng đều có cửa sổ lớn nhìn ra những hàng cây xà cừ cổ thụ. Dịch vụ spa thảo dược cổ truyền tại khách sạn sẽ giúp bạn xua tan mọi mệt mỏi sau chuyến đi dài.',_binary '','Silver Star Hotel',8.4,'Wifi, Hồ bơi, Ăn sáng, Spa'),(71,'45 Hoàng Sa, Quận 1, TP. HCM','h71.jpeg','Tọa lạc ven kênh Nhiêu Lộc, dòng kênh xanh mát uốn lượn giữa lòng thành phố, khách sạn mang đến tầm nhìn thoáng đãng và mát mẻ. Buổi chiều, bạn có thể tản bộ dọc bờ kè, ngắm nhìn cuộc sống thường nhật của người dân Sài Gòn. Khách sạn cung cấp dịch vụ xe đưa đón miễn phí đến các điểm tham quan chính, giúp bạn tiết kiệm chi phí và thời gian di chuyển.',_binary '','Coral Hotel',8,'Wifi, Hồ bơi, Ăn sáng, Xe đưa đón'),(72,'50 Trần Hưng Đạo, Hoàn Kiếm, Hà Nội','h72.jpeg','Là một trong những khách sạn có kiến trúc Pháp đẹp nhất khu vực, nơi đây toát lên vẻ sang trọng và lịch lãm vượt thời gian. Sảnh lớn lộng lẫy với đèn chùm pha lê và cầu thang uốn lượn là nơi check-in không thể bỏ qua. Vị trí gần ga Hà Nội và Cung Văn hóa Hữu nghị thuận tiện cho việc tham dự các sự kiện và hội chợ triển lãm lớn của thủ đô.',_binary '','Ocean Pearl Hotel',8.5,'Wifi, Hồ bơi, Ăn sáng, Spa, Gym'),(73,'04 Nguyễn Huệ, Quận 1, TP. HCM','h73.jpeg','Tọa lạc ngay đầu phố đi bộ Nguyễn Huệ, vị trí \"kim cương\" đắt giá nhất Sài Gòn, khách sạn cho phép bạn hòa mình ngay vào các lễ hội đường phố sôi động. Từ tầng cao, bạn có thể chiêm ngưỡng toàn cảnh sông Sài Gòn và bến Bạch Đằng lung linh. Dịch vụ đẳng cấp 5 sao quốc tế cùng tiện nghi xa hoa sẽ mang đến cho bạn trải nghiệm của những bậc đế vương.',_binary '','Sunshine Hotel',8.2,'Wifi, Hồ bơi, Ăn sáng, Nhà hàng'),(74,'07 Lê Lai, Hoàn Kiếm, Hà Nội','h74.jpeg','Nằm ngay sát Hồ Gươm, khách sạn là điểm dừng chân lý tưởng để bạn dậy sớm tập thể dục cùng người dân địa phương và đón bình minh trên cầu Thê Húc. Thiết kế hiện đại pha lẫn nét truyền thống Á Đông tạo nên không gian ấm cúng. Nhà hàng trên tầng thượng phục vụ các món ăn đặc sản Hà Nội với view nhìn thẳng ra Tháp Rùa là trải nghiệm ẩm thực không thể bỏ lỡ.',_binary '','Grand Sunset Hotel',8.3,'Wifi, Hồ bơi, Ăn sáng, Spa'),(75,'62 Pasteur, Quận 1, TP. HCM','h75.jpeg','Nằm trên con đường rợp bóng me bay lãng mạn, khách sạn mang đến không gian hoài niệm về một Sài Gòn xưa. Vị trí trung tâm kết nối giữa Quận 1 và Quận 3 giúp bạn dễ dàng di chuyển đến mọi nơi. Phòng nghỉ được trang trí bằng tranh sơn dầu và đồ gỗ thủ công tinh xảo. Quán cà phê ở sảnh là nơi tuyệt vời để thưởng thức ly cà phê sữa đá đậm đà hương vị Việt.',_binary '','Royal Horizon Hotel',8.1,'Wifi, Hồ bơi, Ăn sáng, Gym'),(76,'31 Nam Kỳ Khởi Nghĩa, Hoàn Kiếm, Hà Nội','h76.jpeg','Ẩn mình trong khu phố cổ rêu phong, khách sạn nhỏ xinh này chinh phục du khách bởi sự tinh tế trong từng chi tiết. Không gian yên tĩnh, tách biệt với sự xô bồ bên ngoài nhờ hệ thống cách âm tuyệt vời. Sân thượng trồng nhiều hoa và cây cảnh là nơi bạn có thể thư giãn đọc sách. Nhân viên thân thiện, nhiệt tình sẽ tư vấn cho bạn những quán ăn ngon \"chuẩn vị\" mà chỉ người bản địa mới biết.',_binary '','Diamond Pearl Hotel',8.4,'Wifi, Hồ bơi, Ăn sáng, Spa'),(77,'33 Nguyễn Thị Minh Khai, Đa Kao, Quận 1, TP. HCM','h77.jpeg','Nằm gần Đài truyền hình và Thảo Cầm Viên, khu vực này có mật độ cây xanh cao và không khí trong lành. Khách sạn thiết kế theo phong cách Eco-friendly, sử dụng nhiều vật liệu thân thiện môi trường và tận dụng ánh sáng tự nhiên. Hồ bơi nước mặn và phòng tập yoga giúp du khách duy trì lối sống lành mạnh ngay cả trong kỳ nghỉ. Bữa sáng Organic với rau sạch tại vườn là điểm cộng lớn.',_binary '','Crystal Star Hotel',8,'Wifi, Hồ bơi, Ăn sáng, Nhà hàng'),(78,'47 Trần Cao Vân, Quận 3, TP. HCM','h78.jpeg','Tọa lạc quanh khu vực Hồ Con Rùa nổi tiếng, nơi tập trung nhiều quán cà phê và ẩm thực đường phố hấp dẫn. Khách sạn mang phong cách trẻ trung, năng động với không gian mở thoáng đãng. Phòng ốc tiện nghi, sạch sẽ với mức giá cạnh tranh. Đây là điểm hẹn yêu thích của giới trẻ và các nhóm bạn đi du lịch tự túc muốn khám phá văn hóa cà phê bệt độc đáo của Sài Gòn.',_binary '','Golden Pearl Hotel',8.5,'Wifi, Hồ bơi, Ăn sáng, Spa, Gym'),(79,'14 Nguyễn Bỉnh Khiêm, Hai Bà Trưng, Hà Nội','h79.jpeg','Nằm trên con phố rợp bóng cây cổ thụ, khách sạn mang vẻ đẹp cổ điển và thanh bình. Gần công viên Thống Nhất, không khí ở đây luôn trong lành và mát mẻ. Các phòng nghỉ có ban công rộng, nơi bạn có thể ngồi uống trà và nghe tiếng ve kêu râm ran vào những trưa hè. Dịch vụ chu đáo, tận tâm như người nhà sẽ khiến bạn cảm thấy ấm áp và gần gũi.',_binary '','Sunset Pearl Hotel',8.2,'Wifi, Hồ bơi, Ăn sáng, Nhà hàng'),(80,'42 Điện Biên Phủ, Bình Thạnh, TP. HCM','h80.jpeg','Nằm tại cửa ngõ phía Đông thành phố, ngay gần vòng xoay Hàng Xanh, khách sạn thuận tiện cho việc di chuyển đi các tỉnh lân cận hoặc vào trung tâm. Tòa nhà cao tầng với thiết kế kính giúp các phòng đều có tầm nhìn rộng mở. Dịch vụ chuyên nghiệp, thủ tục nhận trả phòng nhanh chóng và bãi đậu xe rộng rãi là những tiện ích được khách hàng đánh giá cao.',_binary '','Imperial Pearl Hotel',8.3,'Wifi, Hồ bơi, Ăn sáng, Spa'),(81,'21 Nguyễn Văn Trỗi, Phú Nhuận, TP. HCM','h81.jpeg','Chỉ cách sân bay Tân Sơn Nhất 5 phút di chuyển, đây là lựa chọn số một cho hành khách quá cảnh hoặc có chuyến bay sớm. Khách sạn cung cấp dịch vụ check-in trực tuyến và xe đưa đón sân bay 24/7 miễn phí. Phòng nghỉ cách âm tuyệt đối đảm bảo giấc ngủ ngon. Nhà hàng phục vụ 24h với đa dạng món ăn giúp bạn nạp năng lượng bất cứ lúc nào.',_binary '','Royal Crystal Hotel',8.1,'Wifi, Hồ bơi, Ăn sáng, Gym'),(82,'53 Lê Văn Sỹ, Đống Đa, Hà Nội','h82.jpeg','Nằm trong khu vực sầm uất với nhiều cửa hàng thời trang và quán ăn ngon, khách sạn mang đến sự tiện lợi tối đa cho du khách. Thiết kế hiện đại, trẻ trung với gam màu tươi sáng tạo cảm hứng. Phòng ốc sạch sẽ, đầy đủ tiện nghi. Đội ngũ nhân viên trẻ trung, năng động luôn sẵn sàng hỗ trợ bạn khám phá những địa điểm vui chơi giải trí mới nhất của thủ đô.',_binary '','Diamond Star Hotel',8.4,'Wifi, Hồ bơi, Ăn sáng, Spa, Xe đưa đón'),(83,'25 Nguyễn Trãi, Thanh Xuân, Hà Nội','h83.jpeg','Tọa lạc gần trung tâm thương mại Royal City, khách sạn là điểm đến lý tưởng cho các gia đình muốn kết hợp nghỉ dưỡng và vui chơi giải trí. Bạn có thể thỏa sức mua sắm, trượt băng hay xem phim chỉ với vài bước chân. Phòng Family rộng rãi, có khu vui chơi riêng cho trẻ em. Dịch vụ trông trẻ chuyên nghiệp giúp bố mẹ có những khoảng thời gian riêng tư thư giãn.',_binary '','Golden Pearl Hotel',8,'Wifi, Hồ bơi, Ăn sáng, Nhà hàng'),(84,'20 Phạm Ngũ Lão, Hoàn Kiếm, Hà Nội','h84.jpeg','Nằm gần Nhà hát Lớn và Bảo tàng Lịch sử, khách sạn mang đậm hơi thở văn hóa nghệ thuật. Kiến trúc Đông Dương kết hợp hài hòa với tiện nghi hiện đại tạo nên không gian sống đẳng cấp. Từ sân thượng, bạn có thể ngắm nhìn dòng người tấp nập và ánh đèn lung linh của thành phố về đêm. Quầy bar Jazz ấm cúng là nơi lý tưởng để thưởng thức âm nhạc và cocktail.',_binary '','Sunset Crystal Hotel',8.5,'Wifi, Hồ bơi, Ăn sáng, Spa'),(85,'02 Lê Lợi, TP. Huế','h85.jpeg','Nằm ngay sát cầu Trường Tiền và dòng sông Hương thơ mộng, khách sạn là biểu tượng của sự hiếu khách tại Cố đô. Vị trí tuyệt vời để đi bộ ra chợ Đông Ba và phố đi bộ về đêm. Kiến trúc cung đình Huế được tái hiện tinh tế trong từng đường nét. Bữa sáng với bún bò Huế chính gốc và các loại bánh đặc sản sẽ đánh thức vị giác của bạn, khởi đầu ngày mới tràn đầy năng lượng.',_binary '','Imperial Star Hotel',8.2,'Wifi, Hồ bơi, Ăn sáng, Gym'),(86,'36 Trần Hưng Đạo, Hoàn Kiếm, Hà Nội','h86.jpeg','Khách sạn boutique sang trọng nằm trên con phố Pháp cổ đẹp nhất Hà Nội. Không gian yên tĩnh, biệt lập sau cánh cổng sắt nghệ thuật. Khu vườn nhỏ xinh xắn là nơi phục vụ trà chiều và bánh ngọt Pháp thượng hạng. Phòng nghỉ được trang hoàng lộng lẫy với nội thất nhập khẩu. Dịch vụ quản gia cao cấp mang đến trải nghiệm xa hoa, riêng tư cho những vị khách thượng lưu.',_binary '','Coral Pearl Hotel',8.3,'Wifi, Hồ bơi, Ăn sáng, Spa'),(87,'38 Nguyễn Huệ, Quận 1, TP. HCM','h87.jpeg','Tọa lạc trên phố đi bộ sầm uất, khách sạn sở hữu mặt tiền đắt giá và tầm nhìn \"triệu đô\". Thiết kế hiện đại, phóng khoáng với các mảng kính lớn. Nơi đây thường xuyên diễn ra các hoạt động văn hóa, nghệ thuật đường phố sôi động ngay trước cửa. Hệ thống nhà hàng, bar, club đẳng cấp ngay trong tòa nhà giúp bạn tận hưởng cuộc sống về đêm trọn vẹn nhất.',_binary '','Ocean Crystal Hotel',8.1,'Wifi, Hồ bơi, Ăn sáng, Nhà hàng'),(88,'76 Lý Thường Kiệt, Hoàn Kiếm, Hà Nội','h88.jpeg','Nằm trong khu vực tập trung nhiều đại sứ quán và biệt thự cổ, khách sạn mang vẻ đẹp quý phái và an ninh đảm bảo. Không gian thoáng đãng, nhiều cây xanh tạo cảm giác thư thái. Phòng hội nghị lớn với trang thiết bị hiện đại là nơi tổ chức nhiều sự kiện quan trọng. Dịch vụ đưa đón bằng xe sang và hỗ trợ VIP tại sân bay là điểm cộng cho các chuyến công tác của lãnh đạo.',_binary '','Golden Horizon Hotel',8.4,'Wifi, Hồ bơi, Ăn sáng, Spa'),(89,'15 Nguyễn Trãi, Quận 1, TP. HCM','h89.jpeg','Nằm ở cửa ngõ vào trung tâm Quận 1, vị trí thuận lợi để di chuyển sang Quận 5 và các khu vực lân cận. Khách sạn có thiết kế hiện đại, tối ưu công năng sử dụng. Xung quanh là thiên đường ẩm thực và mua sắm thời trang sầm uất. Giá cả phải chăng cùng chất lượng dịch vụ ổn định khiến nơi đây luôn tấp nập khách du lịch và thương nhân đến lưu trú.',_binary '','Royal Sunset Hotel',8.2,'Wifi, Hồ bơi, Ăn sáng, Gym'),(90,'19 Trần Phú, Ba Đình, Hà Nội','h90.jpeg','Nằm trên đại lộ rợp bóng cây xà cừ, khách sạn mang vẻ đẹp uy nghi và tráng lệ. Gần các cơ quan chính phủ, đây là địa điểm lưu trú ưu tiên của các phái đoàn công tác. Phòng nghỉ rộng rãi, view nhìn ra Quảng trường Ba Đình lịch sử. Nhà hàng phục vụ các món ăn Âu - Á tinh tế trong không gian sang trọng, lịch sự, thích hợp cho việc tiếp khách và bàn công việc.',_binary '','Crystal Sunset Hotel',8.3,'Wifi, Hồ bơi, Ăn sáng, Spa'),(91,'13 Phan Chu Trinh, Hoàn Kiếm, Hà Nội','h91.jpeg','Ngay sát Nhà hát Lớn Hà Nội, khách sạn là điểm đến của những người yêu nghệ thuật và vẻ đẹp cổ điển. Kiến trúc Pháp lãng mạn, ban công sắt uốn hoa văn tinh xảo nhìn xuống phố phường tấp nập. Bạn có thể dễ dàng đi bộ đến hồ Gươm, khu phố cổ hay các bảo tàng nổi tiếng. Không gian cà phê vỉa hè đậm chất Hà Nội ngay dưới sảnh là nơi thú vị để ngắm nhìn cuộc sống trôi qua.',_binary '','Diamond Sunset Hotel',8.1,'Wifi, Hồ bơi, Ăn sáng, Nhà hàng'),(92,'08 Nguyễn Văn Cừ, Long Biên, Hà Nội','h92.jpeg','Chỉ cách phố cổ một cây cầu Chương Dương, khách sạn mang lại không gian rộng rãi và thoáng đãng hơn hẳn khu trung tâm chật chội. Tầm nhìn panorama ra sông Hồng đỏ nặng phù sa và cầu Long Biên lịch sử là trải nghiệm độc đáo. Bể bơi vô cực trên tầng thượng giúp bạn thư giãn và ngắm hoàng hôn buông xuống trên sông tuyệt đẹp. Giá phòng hợp lý cùng dịch vụ tốt.',_binary '','Golden Crystal Hotel',8.4,'Wifi, Hồ bơi, Ăn sáng, Spa, Gym'),(93,'59 Trần Hưng Đạo, Quận 1, TP. HCM','h93.jpeg','Nằm trên trục đường huyết mạch rợp bóng cây xanh, khách sạn kết nối dễ dàng các điểm du lịch nổi tiếng. Thiết kế hiện đại, chú trọng sự tiện nghi và thoải mái. Khu vực này tập trung nhiều nhà hàng, quán ăn ngon từ bình dân đến cao cấp. Đội ngũ nhân viên am hiểu địa phương sẽ giúp bạn lên lịch trình khám phá ẩm thực Sài Gòn một cách trọn vẹn nhất.',_binary '','Sunrise Pearl Hotel',8.2,'Wifi, Hồ bơi, Ăn sáng, Nhà hàng'),(94,'99 Nguyễn Huệ, Quận 1, TP. HCM','h94.jpeg','Tọa lạc tại vị trí đắc địa nhất phố đi bộ, khách sạn là biểu tượng của sự phồn vinh và hiện đại. Kiến trúc tòa tháp kính tráng lệ phản chiếu ánh nắng rực rỡ. Bên trong là không gian nghỉ dưỡng xa hoa với nội thất dát vàng. Từ đây, bạn có thể ngắm nhìn toàn cảnh thành phố chuyển động không ngừng. Nơi đây xứng đáng là lựa chọn cho những kỳ nghỉ dưỡng đỉnh cao.',_binary '','Royal Horizon Pearl Hotel',8.3,'Wifi, Hồ bơi, Ăn sáng, Spa'),(95,'78 Lê Lợi, TP. Vinh, Nghệ An','h95.jpeg','Khách sạn cao cấp bậc nhất thành phố Vinh, là điểm dừng chân lý tưởng trên tuyến du lịch miền Trung. Thiết kế sang trọng, hiện đại với đầy đủ tiện nghi tiêu chuẩn 4 sao. Vị trí trung tâm thuận tiện cho việc mua sắm, giao dịch và tham quan quê Bác. Nhà hàng phục vụ các món đặc sản xứ Nghệ đậm đà tình quê như cháo lươn, bánh mướt sẽ làm nức lòng du khách phương xa.',_binary '','Crystal Horizon Hotel',8,'Wifi, Hồ bơi, Ăn sáng, Gym'),(96,'63 Điện Biên Phủ, Thanh Khê, Đà Nẵng','h96.jpeg','Nằm ngay cửa ngõ vào trung tâm Đà Nẵng, gần công viên 29/3 xanh mát. Khách sạn có thiết kế trẻ trung, hiện đại, phù hợp với nhóm bạn và gia đình. Từ đây di chuyển ra sân bay hay ga tàu đều rất gần. Phòng ốc sạch sẽ, thoáng mát, nhân viên thân thiện đậm chất người miền Trung. Dịch vụ cho thuê xe máy giá rẻ giúp bạn tự do vi vu khám phá thành phố đáng sống.',_binary '','Imperial Sunset Hotel',8.5,'Wifi, Hồ bơi, Ăn sáng, Spa'),(97,'06 Nguyễn Văn Trỗi, Phú Nhuận, TP. HCM','h97.jpeg','Với vị trí chiến lược trên trục đường ngoại giao nối liền sân bay và trung tâm, khách sạn là lựa chọn hàng đầu của giới doanh nhân. Kiến trúc hiện đại, mạnh mẽ. Hệ thống phòng họp, hội nghị đa năng được trang bị công nghệ tiên tiến. Dịch vụ văn phòng hỗ trợ 24/7 giúp bạn giải quyết công việc hiệu quả ngay cả khi đang đi công tác xa.',_binary '','Coral Sunset Hotel',8.1,'Wifi, Hồ bơi, Ăn sáng, Nhà hàng'),(98,'09 Lê Văn Sỹ, Tân Bình, TP. HCM','h98.jpeg','Nằm trong khu vực sầm uất, nhộn nhịp ngày đêm, khách sạn mang đến sự tiện lợi tuyệt vời về ăn uống và mua sắm. Xung quanh là thiên đường ẩm thực đường phố với vô vàn món ngon giá rẻ. Phòng nghỉ được thiết kế cách âm tốt, đảm bảo sự yên tĩnh cần thiết. Phong cách phục vụ nhanh nhẹn, chuyên nghiệp đặc trưng của Sài Gòn sẽ khiến bạn hài lòng.',_binary '','Ocean Horizon Hotel',8.4,'Wifi, Hồ bơi, Ăn sáng, Spa, Gym'),(99,'17 Phạm Hùng, Nam Từ Liêm, Hà Nội','h99.jpeg','Tọa lạc tại khu vực Mỹ Đình, gần Trung tâm Hội nghị Quốc gia và sân vận động, khách sạn là điểm đến lý tưởng cho khách tham dự sự kiện. Tòa nhà chọc trời với tầm nhìn bao quát khu đô thị mới hiện đại. Phòng ốc rộng rãi, thiết kế theo phong cách căn hộ dịch vụ cao cấp. Khu vực này tập trung nhiều cộng đồng người Hàn Quốc nên ẩm thực vô cùng phong phú và đa dạng.',_binary '','Sunrise Horizon Hotel',8.2,'Wifi, Hồ bơi, Ăn sáng, Nhà hàng'),(100,'18 Nguyễn Văn Linh, Quận 7, TP. HCM','h100.jpeg','Nằm trong khu đô thị Phú Mỹ Hưng sang trọng, khách sạn mang đến không gian sống đẳng cấp quốc tế. Môi trường xanh, sạch, đẹp với an ninh tuyệt đối. Gần trung tâm triển lãm SECC và các trung tâm thương mại lớn như Crescent Mall. Phòng nghỉ view hồ Bán Nguyệt lãng mạn. Đây là lựa chọn hoàn hảo cho các chuyên gia nước ngoài và du khách yêu thích sự văn minh, hiện đại.',_binary '','Royal Sunset Horizon Hotel',8.3,'Wifi, Hồ bơi, Ăn sáng, Spa');
/*!40000 ALTER TABLE `hotels` ENABLE KEYS */;
UNLOCK TABLES;

--
-- Table structure for table `reviews`
--

DROP TABLE IF EXISTS `reviews`;
/*!40101 SET @saved_cs_client     = @@character_set_client */;
/*!50503 SET character_set_client = utf8mb4 */;
CREATE TABLE `reviews` (
  `comment` varchar(255) DEFAULT NULL,
  `rating` double NOT NULL,
  `hotel_id` bigint NOT NULL,
  `user_id` bigint NOT NULL,
  PRIMARY KEY (`hotel_id`,`user_id`),
  KEY `FKcgy7qjc1r99dp117y9en6lxye` (`user_id`),
  CONSTRAINT `FKb9igk5exfb4knqklcvka6cdhx` FOREIGN KEY (`hotel_id`) REFERENCES `hotels` (`id`),
  CONSTRAINT `FKcgy7qjc1r99dp117y9en6lxye` FOREIGN KEY (`user_id`) REFERENCES `users` (`id`)
) ENGINE=InnoDB DEFAULT CHARSET=utf8mb4 COLLATE=utf8mb4_0900_ai_ci;
/*!40101 SET character_set_client = @saved_cs_client */;

--
-- Dumping data for table `reviews`
--

LOCK TABLES `reviews` WRITE;
/*!40000 ALTER TABLE `reviews` DISABLE KEYS */;
INSERT INTO `reviews` VALUES ('rất đẹp',9,1,6);
/*!40000 ALTER TABLE `reviews` ENABLE KEYS */;
UNLOCK TABLES;

--
-- Table structure for table `rooms`
--

DROP TABLE IF EXISTS `rooms`;
/*!40101 SET @saved_cs_client     = @@character_set_client */;
/*!50503 SET character_set_client = utf8mb4 */;
CREATE TABLE `rooms` (
  `id` bigint NOT NULL AUTO_INCREMENT,
  `available` enum('AVAILABLE','BOOKED','PENDING') DEFAULT NULL,
  `capacity` int NOT NULL,
  `is_active` bit(1) NOT NULL,
  `price` double NOT NULL,
  `room_image` varchar(255) DEFAULT NULL,
  `room_type` enum('DOUBLE','FAMILY','SINGLE','TWIN') DEFAULT NULL,
  `hotel_id` bigint DEFAULT NULL,
  PRIMARY KEY (`id`),
  KEY `FKp5lufxy0ghq53ugm93hdc941k` (`hotel_id`),
  CONSTRAINT `FKp5lufxy0ghq53ugm93hdc941k` FOREIGN KEY (`hotel_id`) REFERENCES `hotels` (`id`)
) ENGINE=InnoDB AUTO_INCREMENT=301 DEFAULT CHARSET=utf8mb4 COLLATE=utf8mb4_0900_ai_ci;
/*!40101 SET character_set_client = @saved_cs_client */;

--
-- Dumping data for table `rooms`
--

LOCK TABLES `rooms` WRITE;
/*!40000 ALTER TABLE `rooms` DISABLE KEYS */;
INSERT INTO `rooms` VALUES (1,'BOOKED',2,_binary '',1500000,'r12.jpeg','SINGLE',1),(2,'AVAILABLE',4,_binary '',6800000,'r7.jpeg','FAMILY',1),(3,'AVAILABLE',2,_binary '',2300000,'r25.jpeg','TWIN',1),(4,'AVAILABLE',2,_binary '',750000,'r3.jpeg','SINGLE',2),(5,'AVAILABLE',3,_binary '',3900000,'r44.jpeg','DOUBLE',2),(6,'AVAILABLE',6,_binary '',9200000,'r19.jpeg','FAMILY',2),(7,'AVAILABLE',2,_binary '',1200000,'r21.jpeg','SINGLE',3),(8,'AVAILABLE',4,_binary '',5500000,'r38.jpeg','FAMILY',3),(9,'AVAILABLE',2,_binary '',4100000,'r5.jpeg','TWIN',3),(10,'AVAILABLE',2,_binary '',800000,'r10.jpeg','SINGLE',4),(11,'AVAILABLE',3,_binary '',3700000,'r41.jpeg','DOUBLE',4),(12,'AVAILABLE',2,_binary '',2500000,'r6.jpeg','TWIN',4),(13,'AVAILABLE',6,_binary '',8900000,'r49.jpeg','FAMILY',5),(14,'AVAILABLE',3,_binary '',4200000,'r15.jpeg','DOUBLE',5),(15,'AVAILABLE',2,_binary '',3800000,'r28.jpeg','TWIN',5),(16,'AVAILABLE',2,_binary '',1600000,'r11.jpeg','SINGLE',6),(17,'AVAILABLE',4,_binary '',7100000,'r33.jpeg','FAMILY',6),(18,'AVAILABLE',2,_binary '',4200000,'r27.jpeg','TWIN',6),(19,'AVAILABLE',2,_binary '',950000,'r18.jpeg','SINGLE',7),(20,'AVAILABLE',3,_binary '',4500000,'r3.jpeg','DOUBLE',7),(21,'AVAILABLE',6,_binary '',9500000,'r30.jpeg','FAMILY',7),(22,'AVAILABLE',2,_binary '',1350000,'r2.jpeg','SINGLE',8),(23,'AVAILABLE',4,_binary '',6200000,'r50.jpeg','FAMILY',8),(24,'AVAILABLE',2,_binary '',4800000,'r14.jpeg','TWIN',8),(25,'AVAILABLE',2,_binary '',880000,'r40.jpeg','SINGLE',9),(26,'AVAILABLE',3,_binary '',4100000,'r8.jpeg','DOUBLE',9),(27,'AVAILABLE',2,_binary '',3100000,'r29.jpeg','TWIN',9),(28,'AVAILABLE',2,_binary '',1050000,'r34.jpeg','SINGLE',10),(29,'AVAILABLE',6,_binary '',8800000,'r31.jpeg','FAMILY',10),(30,'AVAILABLE',2,_binary '',4500000,'r1.jpeg','TWIN',10),(31,'AVAILABLE',2,_binary '',1450000,'r20.jpeg','SINGLE',11),(32,'AVAILABLE',4,_binary '',7800000,'r23.jpeg','FAMILY',11),(33,'AVAILABLE',2,_binary '',5200000,'r4.jpeg','TWIN',11),(34,'AVAILABLE',2,_binary '',650000,'r6.jpeg','SINGLE',12),(35,'AVAILABLE',3,_binary '',3400000,'r9.jpeg','DOUBLE',12),(36,'AVAILABLE',4,_binary '',6500000,'r48.jpeg','FAMILY',12),(37,'AVAILABLE',2,_binary '',1250000,'r17.jpeg','SINGLE',13),(38,'AVAILABLE',3,_binary '',4100000,'r24.jpeg','DOUBLE',13),(39,'AVAILABLE',2,_binary '',3900000,'r37.jpeg','TWIN',13),(40,'AVAILABLE',6,_binary '',9200000,'r45.jpeg','FAMILY',14),(41,'AVAILABLE',3,_binary '',4300000,'r32.jpeg','DOUBLE',14),(42,'AVAILABLE',2,_binary '',2700000,'r5.jpeg','TWIN',14),(43,'AVAILABLE',2,_binary '',1150000,'r43.jpeg','SINGLE',15),(44,'AVAILABLE',4,_binary '',7600000,'r26.jpeg','FAMILY',15),(45,'AVAILABLE',2,_binary '',4300000,'r13.jpeg','TWIN',15),(46,'AVAILABLE',2,_binary '',1000000,'r22.jpeg','SINGLE',16),(47,'AVAILABLE',3,_binary '',5300000,'r39.jpeg','DOUBLE',16),(48,'AVAILABLE',6,_binary '',9600000,'r47.jpeg','FAMILY',16),(49,'AVAILABLE',2,_binary '',1550000,'r12.jpeg','SINGLE',17),(50,'AVAILABLE',4,_binary '',8100000,'r3.jpeg','FAMILY',17),(51,'AVAILABLE',2,_binary '',4900000,'r46.jpeg','TWIN',17),(52,'AVAILABLE',2,_binary '',1080000,'r9.jpeg','SINGLE',18),(53,'AVAILABLE',3,_binary '',3800000,'r28.jpeg','DOUBLE',18),(54,'AVAILABLE',2,_binary '',4000000,'r15.jpeg','TWIN',18),(55,'AVAILABLE',2,_binary '',1650000,'r7.jpeg','SINGLE',19),(56,'AVAILABLE',6,_binary '',9900000,'r35.jpeg','FAMILY',19),(57,'AVAILABLE',2,_binary '',5500000,'r41.jpeg','TWIN',19),(58,'AVAILABLE',2,_binary '',700000,'r18.jpeg','SINGLE',20),(59,'AVAILABLE',4,_binary '',6200000,'r50.jpeg','FAMILY',20),(60,'AVAILABLE',2,_binary '',3300000,'r11.jpeg','TWIN',20),(61,'AVAILABLE',2,_binary '',1020000,'r14.jpeg','SINGLE',21),(62,'AVAILABLE',3,_binary '',4900000,'r42.jpeg','DOUBLE',21),(63,'AVAILABLE',2,_binary '',4400000,'r23.jpeg','TWIN',21),(64,'AVAILABLE',2,_binary '',1380000,'r5.jpeg','SINGLE',22),(65,'AVAILABLE',6,_binary '',8600000,'r1.jpeg','FAMILY',22),(66,'AVAILABLE',2,_binary '',5100000,'r48.jpeg','TWIN',22),(67,'AVAILABLE',2,_binary '',980000,'r10.jpeg','SINGLE',23),(68,'AVAILABLE',4,_binary '',6000000,'r47.jpeg','FAMILY',23),(69,'AVAILABLE',2,_binary '',3700000,'r34.jpeg','TWIN',23),(70,'AVAILABLE',2,_binary '',1120000,'r32.jpeg','SINGLE',24),(71,'AVAILABLE',3,_binary '',5200000,'r16.jpeg','DOUBLE',24),(72,'AVAILABLE',2,_binary '',4600000,'r3.jpeg','TWIN',24),(73,'AVAILABLE',2,_binary '',1700000,'r6.jpeg','SINGLE',25),(74,'AVAILABLE',6,_binary '',9600000,'r14.jpeg','FAMILY',25),(75,'AVAILABLE',2,_binary '',5300000,'r25.jpeg','TWIN',25),(76,'AVAILABLE',2,_binary '',1280000,'r33.jpeg','SINGLE',26),(77,'AVAILABLE',4,_binary '',8800000,'r20.jpeg','FAMILY',26),(78,'AVAILABLE',2,_binary '',4700000,'r45.jpeg','TWIN',26),(79,'AVAILABLE',2,_binary '',850000,'r17.jpeg','SINGLE',27),(80,'AVAILABLE',3,_binary '',4700000,'r49.jpeg','DOUBLE',27),(81,'AVAILABLE',2,_binary '',2900000,'r4.jpeg','TWIN',27),(82,'AVAILABLE',2,_binary '',1420000,'r23.jpeg','SINGLE',28),(83,'AVAILABLE',6,_binary '',7400000,'r38.jpeg','FAMILY',28),(84,'AVAILABLE',2,_binary '',5000000,'r30.jpeg','TWIN',28),(85,'AVAILABLE',2,_binary '',1040000,'r12.jpeg','SINGLE',29),(86,'AVAILABLE',3,_binary '',4600000,'r7.jpeg','DOUBLE',29),(87,'AVAILABLE',2,_binary '',3400000,'r21.jpeg','TWIN',29),(88,'AVAILABLE',2,_binary '',900000,'r28.jpeg','SINGLE',30),(89,'AVAILABLE',4,_binary '',7100000,'r41.jpeg','FAMILY',30),(90,'AVAILABLE',2,_binary '',3000000,'r15.jpeg','TWIN',30),(91,'AVAILABLE',2,_binary '',1680000,'r9.jpeg','SINGLE',31),(92,'AVAILABLE',6,_binary '',9700000,'r36.jpeg','FAMILY',31),(93,'AVAILABLE',2,_binary '',5400000,'r3.jpeg','TWIN',31),(94,'AVAILABLE',2,_binary '',960000,'r25.jpeg','SINGLE',32),(95,'AVAILABLE',3,_binary '',4800000,'r14.jpeg','DOUBLE',32),(96,'AVAILABLE',2,_binary '',3650000,'r32.jpeg','TWIN',32),(97,'AVAILABLE',2,_binary '',1300000,'r50.jpeg','SINGLE',33),(98,'AVAILABLE',4,_binary '',7700000,'r18.jpeg','FAMILY',33),(99,'AVAILABLE',2,_binary '',4150000,'r10.jpeg','TWIN',33),(100,'AVAILABLE',2,_binary '',820000,'r6.jpeg','SINGLE',34),(101,'AVAILABLE',3,_binary '',5550000,'r47.jpeg','DOUBLE',34),(102,'AVAILABLE',2,_binary '',2600000,'r27.jpeg','TWIN',34),(103,'AVAILABLE',2,_binary '',1500000,'r35.jpeg','SINGLE',35),(104,'AVAILABLE',6,_binary '',9400000,'r4.jpeg','FAMILY',35),(105,'AVAILABLE',2,_binary '',5250000,'r46.jpeg','TWIN',35),(106,'AVAILABLE',2,_binary '',1060000,'r22.jpeg','SINGLE',36),(107,'AVAILABLE',3,_binary '',4400000,'r39.jpeg','DOUBLE',36),(108,'AVAILABLE',2,_binary '',3550000,'r1.jpeg','TWIN',36),(109,'AVAILABLE',2,_binary '',1320000,'r29.jpeg','SINGLE',37),(110,'AVAILABLE',4,_binary '',8000000,'r19.jpeg','FAMILY',37),(111,'AVAILABLE',2,_binary '',4750000,'r43.jpeg','TWIN',37),(112,'AVAILABLE',2,_binary '',930000,'r26.jpeg','SINGLE',38),(113,'AVAILABLE',3,_binary '',5900000,'r16.jpeg','DOUBLE',38),(114,'AVAILABLE',2,_binary '',3850000,'r40.jpeg','TWIN',38),(115,'AVAILABLE',2,_binary '',1580000,'r2.jpeg','SINGLE',39),(116,'AVAILABLE',6,_binary '',8700000,'r48.jpeg','FAMILY',39),(117,'AVAILABLE',2,_binary '',5150000,'r11.jpeg','TWIN',39),(118,'AVAILABLE',2,_binary '',870000,'r44.jpeg','SINGLE',40),(119,'AVAILABLE',4,_binary '',6150000,'r31.jpeg','FAMILY',40),(120,'AVAILABLE',2,_binary '',3150000,'r13.jpeg','TWIN',40),(121,'AVAILABLE',2,_binary '',1180000,'r8.jpeg','SINGLE',41),(122,'AVAILABLE',3,_binary '',5300000,'r17.jpeg','DOUBLE',41),(123,'AVAILABLE',2,_binary '',4250000,'r42.jpeg','TWIN',41),(124,'AVAILABLE',2,_binary '',1480000,'r5.jpeg','SINGLE',42),(125,'AVAILABLE',6,_binary '',8400000,'r24.jpeg','FAMILY',42),(126,'AVAILABLE',2,_binary '',4950000,'r20.jpeg','TWIN',42),(127,'AVAILABLE',2,_binary '',1090000,'r37.jpeg','SINGLE',43),(128,'AVAILABLE',4,_binary '',6500000,'r49.jpeg','FAMILY',43),(129,'AVAILABLE',2,_binary '',3950000,'r34.jpeg','TWIN',43),(130,'AVAILABLE',2,_binary '',970000,'r33.jpeg','SINGLE',44),(131,'AVAILABLE',3,_binary '',5950000,'r46.jpeg','DOUBLE',44),(132,'AVAILABLE',2,_binary '',3250000,'r12.jpeg','TWIN',44),(133,'AVAILABLE',2,_binary '',1400000,'r15.jpeg','SINGLE',45),(134,'AVAILABLE',6,_binary '',7500000,'r3.jpeg','FAMILY',45),(135,'AVAILABLE',2,_binary '',4850000,'r28.jpeg','TWIN',45),(136,'AVAILABLE',2,_binary '',890000,'r41.jpeg','SINGLE',46),(137,'AVAILABLE',3,_binary '',4650000,'r10.jpeg','DOUBLE',46),(138,'AVAILABLE',2,_binary '',2850000,'r22.jpeg','TWIN',46),(139,'AVAILABLE',2,_binary '',1260000,'r14.jpeg','SINGLE',47),(140,'AVAILABLE',4,_binary '',9050000,'r6.jpeg','FAMILY',47),(141,'AVAILABLE',2,_binary '',4350000,'r50.jpeg','TWIN',47),(142,'AVAILABLE',2,_binary '',840000,'r39.jpeg','SINGLE',48),(143,'AVAILABLE',3,_binary '',5250000,'r26.jpeg','DOUBLE',48),(144,'AVAILABLE',2,_binary '',3350000,'r31.jpeg','TWIN',48),(145,'AVAILABLE',2,_binary '',1620000,'r18.jpeg','SINGLE',49),(146,'AVAILABLE',6,_binary '',9300000,'r7.jpeg','FAMILY',49),(147,'AVAILABLE',2,_binary '',5350000,'r9.jpeg','TWIN',49),(148,'AVAILABLE',2,_binary '',990000,'r32.jpeg','SINGLE',50),(149,'AVAILABLE',4,_binary '',7000000,'r25.jpeg','FAMILY',50),(150,'AVAILABLE',2,_binary '',3750000,'r44.jpeg','TWIN',50),(151,'AVAILABLE',2,_binary '',1750000,'r88.jpeg','SINGLE',51),(152,'AVAILABLE',3,_binary '',5650000,'r53.jpeg','DOUBLE',51),(153,'AVAILABLE',2,_binary '',4050000,'r76.jpeg','TWIN',51),(154,'AVAILABLE',2,_binary '',1130000,'r62.jpeg','SINGLE',52),(155,'AVAILABLE',6,_binary '',8050000,'r91.jpeg','FAMILY',52),(156,'AVAILABLE',2,_binary '',3050000,'r54.jpeg','TWIN',52),(157,'AVAILABLE',2,_binary '',1490000,'r99.jpeg','SINGLE',53),(158,'AVAILABLE',4,_binary '',9550000,'r57.jpeg','FAMILY',53),(159,'AVAILABLE',2,_binary '',4650000,'r68.jpeg','TWIN',53),(160,'AVAILABLE',2,_binary '',940000,'r72.jpeg','SINGLE',54),(161,'AVAILABLE',3,_binary '',5650000,'r83.jpeg','DOUBLE',54),(162,'AVAILABLE',2,_binary '',3650000,'r61.jpeg','TWIN',54),(163,'AVAILABLE',2,_binary '',1660000,'r65.jpeg','SINGLE',55),(164,'AVAILABLE',6,_binary '',9850000,'r92.jpeg','FAMILY',55),(165,'AVAILABLE',2,_binary '',5450000,'r70.jpeg','TWIN',55),(166,'AVAILABLE',2,_binary '',1030000,'r66.jpeg','SINGLE',56),(167,'AVAILABLE',4,_binary '',7350000,'r74.jpeg','FAMILY',56),(168,'AVAILABLE',2,_binary '',3950000,'r51.jpeg','TWIN',56),(169,'AVAILABLE',2,_binary '',1370000,'r69.jpeg','SINGLE',57),(170,'AVAILABLE',3,_binary '',5350000,'r83.jpeg','DOUBLE',57),(171,'AVAILABLE',2,_binary '',4550000,'r60.jpeg','TWIN',57),(172,'AVAILABLE',2,_binary '',910000,'r72.jpeg','SINGLE',58),(173,'AVAILABLE',6,_binary '',8350000,'r90.jpeg','FAMILY',58),(174,'AVAILABLE',2,_binary '',3450000,'r55.jpeg','TWIN',58),(175,'AVAILABLE',2,_binary '',1540000,'r75.jpeg','SINGLE',59),(176,'AVAILABLE',4,_binary '',9150000,'r67.jpeg','FAMILY',59),(177,'AVAILABLE',2,_binary '',5050000,'r88.jpeg','TWIN',59),(178,'AVAILABLE',2,_binary '',1220000,'r78.jpeg','SINGLE',60),(179,'AVAILABLE',3,_binary '',5850000,'r56.jpeg','DOUBLE',60),(180,'AVAILABLE',2,_binary '',4450000,'r61.jpeg','TWIN',60),(181,'AVAILABLE',2,_binary '',1430000,'r81.jpeg','SINGLE',61),(182,'AVAILABLE',6,_binary '',9450000,'r73.jpeg','FAMILY',61),(183,'AVAILABLE',2,_binary '',4850000,'r59.jpeg','TWIN',61),(184,'AVAILABLE',2,_binary '',1010000,'r89.jpeg','SINGLE',62),(185,'AVAILABLE',4,_binary '',6850000,'r52.jpeg','FAMILY',62),(186,'AVAILABLE',2,_binary '',3550000,'r64.jpeg','TWIN',62),(187,'AVAILABLE',2,_binary '',1330000,'r71.jpeg','SINGLE',63),(188,'AVAILABLE',3,_binary '',5550000,'r86.jpeg','DOUBLE',63),(189,'AVAILABLE',2,_binary '',4350000,'r57.jpeg','TWIN',63),(190,'AVAILABLE',2,_binary '',1050000,'r62.jpeg','SINGLE',64),(191,'AVAILABLE',6,_binary '',8450000,'r97.jpeg','FAMILY',64),(192,'AVAILABLE',2,_binary '',3250000,'r53.jpeg','TWIN',64),(193,'AVAILABLE',2,_binary '',1590000,'r76.jpeg','SINGLE',65),(194,'AVAILABLE',4,_binary '',9750000,'r81.jpeg','FAMILY',65),(195,'AVAILABLE',2,_binary '',5600000,'r65.jpeg','TWIN',65),(196,'AVAILABLE',2,_binary '',1160000,'r68.jpeg','SINGLE',66),(197,'AVAILABLE',3,_binary '',5250000,'r77.jpeg','DOUBLE',66),(198,'AVAILABLE',2,_binary '',4150000,'r54.jpeg','TWIN',66),(199,'AVAILABLE',2,_binary '',1390000,'r70.jpeg','SINGLE',67),(200,'AVAILABLE',6,_binary '',8950000,'r98.jpeg','FAMILY',67),(201,'AVAILABLE',2,_binary '',4750000,'r63.jpeg','TWIN',67),(202,'AVAILABLE',2,_binary '',950000,'r55.jpeg','SINGLE',68),(203,'AVAILABLE',4,_binary '',6550000,'r84.jpeg','FAMILY',68),(204,'AVAILABLE',2,_binary '',3750000,'r60.jpeg','TWIN',68),(205,'AVAILABLE',2,_binary '',1520000,'r79.jpeg','SINGLE',69),(206,'AVAILABLE',3,_binary '',5350000,'r69.jpeg','DOUBLE',69),(207,'AVAILABLE',2,_binary '',5250000,'r58.jpeg','TWIN',69),(208,'AVAILABLE',2,_binary '',1250000,'r56.jpeg','SINGLE',70),(209,'AVAILABLE',6,_binary '',8050000,'r66.jpeg','FAMILY',70),(210,'AVAILABLE',2,_binary '',4250000,'r87.jpeg','TWIN',70),(211,'AVAILABLE',2,_binary '',1460000,'r80.jpeg','SINGLE',71),(212,'AVAILABLE',4,_binary '',8750000,'r99.jpeg','FAMILY',71),(213,'AVAILABLE',2,_binary '',4850000,'r61.jpeg','TWIN',71),(214,'AVAILABLE',2,_binary '',1070000,'r63.jpeg','SINGLE',72),(215,'AVAILABLE',3,_binary '',5150000,'r71.jpeg','DOUBLE',72),(216,'AVAILABLE',2,_binary '',3150000,'r52.jpeg','TWIN',72),(217,'AVAILABLE',2,_binary '',1630000,'r85.jpeg','SINGLE',73),(218,'AVAILABLE',6,_binary '',9650000,'r73.jpeg','FAMILY',73),(219,'AVAILABLE',2,_binary '',5550000,'r64.jpeg','TWIN',73),(220,'AVAILABLE',2,_binary '',1200000,'r67.jpeg','SINGLE',74),(221,'AVAILABLE',4,_binary '',7450000,'r90.jpeg','FAMILY',74),(222,'AVAILABLE',2,_binary '',4050000,'r75.jpeg','TWIN',74),(223,'AVAILABLE',2,_binary '',1410000,'r72.jpeg','SINGLE',75),(224,'AVAILABLE',3,_binary '',5650000,'r95.jpeg','DOUBLE',75),(225,'AVAILABLE',2,_binary '',4650000,'r68.jpeg','TWIN',75),(226,'AVAILABLE',2,_binary '',1230000,'r58.jpeg','SINGLE',76),(227,'AVAILABLE',6,_binary '',8250000,'r77.jpeg','FAMILY',76),(228,'AVAILABLE',2,_binary '',3950000,'r61.jpeg','TWIN',76),(229,'AVAILABLE',2,_binary '',1450000,'r69.jpeg','SINGLE',77),(230,'AVAILABLE',4,_binary '',9250000,'r85.jpeg','FAMILY',77),(231,'AVAILABLE',2,_binary '',4950000,'r64.jpeg','TWIN',77),(232,'AVAILABLE',2,_binary '',1090000,'r72.jpeg','SINGLE',78),(233,'AVAILABLE',3,_binary '',5950000,'r90.jpeg','DOUBLE',78),(234,'AVAILABLE',2,_binary '',3650000,'r53.jpeg','TWIN',78),(235,'AVAILABLE',2,_binary '',1560000,'r81.jpeg','SINGLE',79),(236,'AVAILABLE',6,_binary '',9950000,'r56.jpeg','FAMILY',79),(237,'AVAILABLE',2,_binary '',5450000,'r70.jpeg','TWIN',79),(238,'AVAILABLE',2,_binary '',1190000,'r59.jpeg','SINGLE',80),(239,'AVAILABLE',4,_binary '',7750000,'r68.jpeg','FAMILY',80),(240,'AVAILABLE',2,_binary '',4150000,'r75.jpeg','TWIN',80),(241,'AVAILABLE',2,_binary '',1350000,'r55.jpeg','SINGLE',81),(242,'AVAILABLE',3,_binary '',5850000,'r82.jpeg','DOUBLE',81),(243,'AVAILABLE',2,_binary '',4750000,'r63.jpeg','TWIN',81),(244,'AVAILABLE',2,_binary '',990000,'r84.jpeg','SINGLE',82),(245,'AVAILABLE',6,_binary '',8350000,'r71.jpeg','FAMILY',82),(246,'AVAILABLE',2,_binary '',3350000,'r57.jpeg','TWIN',82),(247,'AVAILABLE',2,_binary '',1500000,'r67.jpeg','SINGLE',83),(248,'AVAILABLE',4,_binary '',9550000,'r62.jpeg','FAMILY',83),(249,'AVAILABLE',2,_binary '',5350000,'r73.jpeg','TWIN',83),(250,'AVAILABLE',2,_binary '',1210000,'r60.jpeg','SINGLE',84),(251,'AVAILABLE',3,_binary '',5550000,'r78.jpeg','DOUBLE',84),(252,'AVAILABLE',2,_binary '',4250000,'r69.jpeg','TWIN',84),(253,'AVAILABLE',2,_binary '',1400000,'r65.jpeg','SINGLE',85),(254,'AVAILABLE',6,_binary '',9050000,'r91.jpeg','FAMILY',85),(255,'AVAILABLE',2,_binary '',4850000,'r56.jpeg','TWIN',85),(256,'AVAILABLE',2,_binary '',1060000,'r66.jpeg','SINGLE',86),(257,'AVAILABLE',4,_binary '',6750000,'r88.jpeg','FAMILY',86),(258,'AVAILABLE',2,_binary '',3550000,'r61.jpeg','TWIN',86),(259,'AVAILABLE',2,_binary '',1440000,'r54.jpeg','SINGLE',87),(260,'AVAILABLE',3,_binary '',5450000,'r80.jpeg','DOUBLE',87),(261,'AVAILABLE',2,_binary '',5150000,'r72.jpeg','TWIN',87),(262,'AVAILABLE',2,_binary '',1180000,'r59.jpeg','SINGLE',88),(263,'AVAILABLE',6,_binary '',7950000,'r76.jpeg','FAMILY',88),(264,'AVAILABLE',2,_binary '',4350000,'r68.jpeg','TWIN',88),(265,'AVAILABLE',2,_binary '',1360000,'r61.jpeg','SINGLE',89),(266,'AVAILABLE',4,_binary '',8950000,'r83.jpeg','FAMILY',89),(267,'AVAILABLE',2,_binary '',4950000,'r70.jpeg','TWIN',89),(268,'AVAILABLE',2,_binary '',1020000,'r74.jpeg','SINGLE',90),(269,'AVAILABLE',3,_binary '',5250000,'r69.jpeg','DOUBLE',90),(270,'AVAILABLE',2,_binary '',3250000,'r57.jpeg','TWIN',90),(271,'AVAILABLE',2,_binary '',1580000,'r65.jpeg','SINGLE',91),(272,'AVAILABLE',6,_binary '',9900000,'r78.jpeg','FAMILY',91),(273,'AVAILABLE',2,_binary '',5650000,'r52.jpeg','TWIN',91),(274,'AVAILABLE',2,_binary '',1260000,'r71.jpeg','SINGLE',92),(275,'AVAILABLE',4,_binary '',8150000,'r60.jpeg','FAMILY',92),(276,'AVAILABLE',2,_binary '',4450000,'r81.jpeg','TWIN',92),(277,'AVAILABLE',2,_binary '',1420000,'r62.jpeg','SINGLE',93),(278,'AVAILABLE',3,_binary '',5150000,'r87.jpeg','DOUBLE',93),(279,'AVAILABLE',2,_binary '',5050000,'r56.jpeg','TWIN',93),(280,'AVAILABLE',2,_binary '',1080000,'r68.jpeg','SINGLE',94),(281,'AVAILABLE',6,_binary '',8650000,'r73.jpeg','FAMILY',94),(282,'AVAILABLE',2,_binary '',3450000,'r55.jpeg','TWIN',94),(283,'AVAILABLE',2,_binary '',1550000,'r70.jpeg','SINGLE',95),(284,'AVAILABLE',4,_binary '',9650000,'r64.jpeg','FAMILY',95),(285,'AVAILABLE',2,_binary '',5350000,'r77.jpeg','TWIN',95),(286,'AVAILABLE',2,_binary '',1290000,'r66.jpeg','SINGLE',96),(287,'AVAILABLE',3,_binary '',5550000,'r59.jpeg','DOUBLE',96),(288,'AVAILABLE',2,_binary '',4150000,'r52.jpeg','TWIN',96),(289,'AVAILABLE',2,_binary '',1470000,'r75.jpeg','SINGLE',97),(290,'AVAILABLE',6,_binary '',9350000,'r81.jpeg','FAMILY',97),(291,'AVAILABLE',2,_binary '',4950000,'r61.jpeg','TWIN',97),(292,'AVAILABLE',2,_binary '',1150000,'r60.jpeg','SINGLE',98),(293,'AVAILABLE',4,_binary '',7150000,'r73.jpeg','FAMILY',98),(294,'AVAILABLE',2,_binary '',3850000,'r68.jpeg','TWIN',98),(295,'AVAILABLE',2,_binary '',1600000,'r62.jpeg','SINGLE',99),(296,'AVAILABLE',3,_binary '',5750000,'r88.jpeg','DOUBLE',99),(297,'AVAILABLE',2,_binary '',5550000,'r70.jpeg','TWIN',99),(298,'AVAILABLE',2,_binary '',1310000,'r69.jpeg','SINGLE',100),(299,'AVAILABLE',6,_binary '',8350000,'r55.jpeg','FAMILY',100),(300,'AVAILABLE',2,_binary '',4550000,'r77.jpeg','TWIN',100);
/*!40000 ALTER TABLE `rooms` ENABLE KEYS */;
UNLOCK TABLES;

--
-- Table structure for table `users`
--

DROP TABLE IF EXISTS `users`;
/*!40101 SET @saved_cs_client     = @@character_set_client */;
/*!50503 SET character_set_client = utf8mb4 */;
CREATE TABLE `users` (
  `id` bigint NOT NULL AUTO_INCREMENT,
  `created_at` datetime(6) DEFAULT NULL,
  `email` varchar(255) NOT NULL,
  `password` varchar(255) NOT NULL,
  `phone_number` varchar(255) DEFAULT NULL,
  `role` enum('ADMIN','USER') DEFAULT NULL,
  `username` varchar(255) DEFAULT NULL,
  `refresh_token` mediumtext,
  PRIMARY KEY (`id`)
) ENGINE=InnoDB AUTO_INCREMENT=7 DEFAULT CHARSET=utf8mb4 COLLATE=utf8mb4_0900_ai_ci;
/*!40101 SET character_set_client = @saved_cs_client */;

--
-- Dumping data for table `users`
--

LOCK TABLES `users` WRITE;
/*!40000 ALTER TABLE `users` DISABLE KEYS */;
INSERT INTO `users` VALUES (1,'2025-11-13 16:15:24.318593','admin@gmail.com','$2a$10$jMroKU9CXRmLI0uJiv8jnu6v2GINxCSHpoFdiH8JdccA2W7FRu2ke',NULL,'ADMIN','admin','eyJhbGciOiJIUzUxMiJ9.eyJzdWIiOiJhZG1pbkBnbWFpbC5jb20iLCJleHAiOjE3NjU1NDc5MjMsImlhdCI6MTc2NTQ2MTUyM30.UEhDh_rcbFdGlrq9kGgl38c0AbMW6sqGSRWElTsYP0VDAjwjl0j3yE5FWWqKtn_O7CfxuuKOlpD_pBT6FCWaMA'),(5,'2025-12-10 02:48:56.440769','hung@gmail.com','$2a$10$g.XIm9fR0tJCf3hE9f2VRuZisxMrjNjQpgoYQsyZyyWIzz5wtbESG','0866777444','USER','Văn Hưng','eyJhbGciOiJIUzUxMiJ9.eyJzdWIiOiJodW5nQGdtYWlsLmNvbSIsImV4cCI6MTc2NTQyMTM0OCwiaWF0IjoxNzY1MzM0OTQ4fQ.WeTQaMnivFwQnqsro4qRCoAXBY7SWaFP8IklTmueLg2Hf7ykaqC5tj167tv7t3XHEOj-Dh25ld8Z52BI_FLYcw'),(6,'2025-12-11 13:59:11.371926','bac@gmail.com','$2a$10$bxH..ZaufnquCNIUO9Omo..zPk53Atz48TUPb2JwKX7lW7gvksFgm','0336500222','USER','bac','eyJhbGciOiJIUzUxMiJ9.eyJzdWIiOiJiYWNAZ21haWwuY29tIiwiZXhwIjoxNzY1OTM2ODg4LCJpYXQiOjE3NjU4NTA0ODh9.c1IgaTtJ-JfbFCmQLNXeScsIqiafYp5UePyCWIC_0pXTd7Cm3qQEeNAF0Ye_7qQp1ypYyllf-5L_ZuRj5_MfFw');
/*!40000 ALTER TABLE `users` ENABLE KEYS */;
UNLOCK TABLES;
/*!40103 SET TIME_ZONE=@OLD_TIME_ZONE */;

/*!40101 SET SQL_MODE=@OLD_SQL_MODE */;
/*!40014 SET FOREIGN_KEY_CHECKS=@OLD_FOREIGN_KEY_CHECKS */;
/*!40014 SET UNIQUE_CHECKS=@OLD_UNIQUE_CHECKS */;
/*!40101 SET CHARACTER_SET_CLIENT=@OLD_CHARACTER_SET_CLIENT */;
/*!40101 SET CHARACTER_SET_RESULTS=@OLD_CHARACTER_SET_RESULTS */;
/*!40101 SET COLLATION_CONNECTION=@OLD_COLLATION_CONNECTION */;
/*!40111 SET SQL_NOTES=@OLD_SQL_NOTES */;

-- Dump completed on 2025-12-18 23:29:46
